beruf,isco_code,beschaeftigte_1000,frauen_pct,branche,lohn_median_chf,qualifikation,esco_uri,esco_titel,esco_beschreibung
Dipl. Pflegefachperson,2221,130,84,Gesundheit,82000,Tertiär,http://data.europa.eu/esco/occupation/1fb92021-9576-4c85-8759-f6918e9f0ad4,Diplomat/Diplomatin,Diplomaten/Diplomatinnen vertreten ihr Land und dessen Regierung gegenüber internationalen Organisationen. Sie verhandeln mit den Beamten/Beamtinnen der Einrichtung über die Wahrung der Interessen ihres Herkunftslands und fördern den produktiven und freundlichen Austausch zwischen dem Herkunftsland und der internationalen Organisation.
Kaufmann/-frau EFZ (allg. Richtung),4110,110,58,Verwaltung,72000,Sekundär II,http://data.europa.eu/esco/occupation/6a163fef-dee8-4583-82b0-13b76d8a27b2,Fachverkäufer für Kraftfahrzeuge/Fachverkäuferin für Kraftfahrzeuge,"Fachverkäufer für Kraftfahrzeuge verkaufen in Fachgeschäften Autos und Kraftfahrzeuge. 
 
 "
Softwareentwickler/in,2512,95,16,ICT,130000,Tertiär,http://data.europa.eu/esco/occupation/f2b15a0e-e65a-438a-affb-29b9d50b77d1,Softwareentwickler/Softwareentwicklerin,"Softwareentwickler implementieren oder programmieren Softwaresystemen jeder Art auf der Grundlage von Spezifikationen bzw. Entwürfen unter Einsatz von Programmiersprachen, Tools und Plattformen."
Fachperson Gesundheit EFZ (FaGe),3221,80,88,Gesundheit,62000,Sekundär II,http://data.europa.eu/esco/occupation/5a9acd29-666c-4ca1-b10e-e086584a526b,Sozialbetreuer psychische Gesundheit/Sozialbetreuerin psychische Gesundheit,"Sozialbetreuer psychische Gesundheit helfen Menschen, die psychische oder emotionale Probleme haben oder von Drogenmissbrauch betroffen sind. Sie betreuen ihre Kunden individuell und überwachen deren Genesungsprozess. Dabei sorgen sie auch für Therapien, Krisenintervention, Beratung und Aufklärung."
Detailhandelsfachmann/-frau EFZ,5223,70,65,Detailhandel,58000,Sekundär II,http://data.europa.eu/esco/occupation/6ba25e0f-7fb8-4879-a1f9-d4f8945966be,Kameramann/Kamerafrau,"Kameramänner/ Kamerafrauen sind für die visuelle Interpretation des Drehbuchs und sämtliche fotografische Aspekte des Films verantwortlich, einschließlich Bildeinstellungen, Farben, Licht, Stil und Drehorte. Sie geben dem Film bzw. der Fernsehsendung ein optisches Erscheinungsbild und wählen die Drehausrüstung aus, einschließlich der Objektive und Filter. Bildgestaltende Kameramänner/-frauen leiten die Teams an, die die optischen Geräte und die Beleuchtung bedienen. Um die gewünschte Wirkung zu erzielen, arbeiten sie mit dem Film- und Fernsehregisseur/der Film- und Fernsehregisseurin zusammen."
Primarlehrer/in,2341,55,72,Bildung,102000,Tertiär,http://data.europa.eu/esco/occupation/5d46e448-b6bb-48e5-b245-5aad68e06085,Brennschneider/Brennschneiderin,"Brennschneider übernehmen die Einrichtung und Bedienung von Maschinen, die dafür konstruiert sind, überschüssiges Material von einem Metallwerkstück mit einem Brenner zu entfernen bzw. zu verbrennen. Dabei wird das Material bis zu seiner Entzündungstemperatur erhitzt und dann infolge einer Reaktion mit einem Sauerstoffstrom in ein Metalloxid umgewandelt, das als Schlacke aus der Fuge im Werkstück abfließt."
Bankkaufmann/-frau,3311,55,45,Finanzen,92000,Sekundär II,http://data.europa.eu/esco/occupation/2ff9e53c-6e7f-42af-8d71-b5dd7f283089,Bankbediensteter/Bankbedienstete,"Bankbedienstete haben zumeist Kontakt zu Bankkunden. Sie werben für die Produkte und Dienstleistungen der Bank und stellen Informationen über die persönlichen Konten der Kunden und die damit verbundenen Überweisungen, Einlagen, Spareinlagen usw. bereit. Sie bestellen Bankkarten und Schecks für die Kunden, nehmen Barmittel und Schecks entgegen und verrechnen sie und sorgen für die Einhaltung interner Richtlinien. Sie bearbeiten die Kundenkonten, wickeln Zahlungen ab und verwalten die Verwendung von Tresoren und Schließfächern."
Reinigungskraft / Hauswart,9112,50,72,Dienstleistungen,46000,Keine Ausbildung,http://data.europa.eu/esco/occupation/731ecac4-06e8-4ec2-a559-101fecbd9183,Raumpfleger/Raumpflegerin,"Raumpfleger reinigen Gästezimmer und andere öffentliche Bereiche, räumen sie auf und füllen Vorräte auf."
Sekretär/in / Assistent/in,4120,45,88,Verwaltung,70000,Sekundär II,http://data.europa.eu/esco/occupation/5ac377d2-e1d0-4911-a299-b4ef2782a0ba,Sekretär/Sekretärin,"Sekretariatskräfte nehmen eine Vielzahl administrativer Aufgaben wahr, um reibungslose Abläufe innerhalb einer Organisation zu gewährleisten. Sie nehmen Telefonanrufe entgegen, verfassen und versenden E-Mails, führen Terminkalender, vereinbaren Treffen, nehmen Mitteilungen entgegen, archivieren Dokumente, organisieren und betreuen Sitzungen und verwalten Datenbanken."
Verkäufer/in (ohne Ausbildung),5223,40,70,Detailhandel,50000,Sekundär II,http://data.europa.eu/esco/occupation/9ba74e8a-c40c-4228-9998-eb3c7a5c11df,Verkäufer/Verkäuferin,Verkäufer stehen in direktem Kontakt mit den Kunden. Sie bieten den Kunden allgemeine Beratung.
Sachbearbeiter/in öff. Verwaltung,4416,40,58,Öff. Verwaltung,82000,Sekundär II,http://data.europa.eu/esco/occupation/d8ed1703-9c03-4ea0-83cc-b6169bc54ffd,Personalsachbearbeiter/Personalsachbearbeiterin,"Personalsachbearbeiter unterstützen Personalmanager bei allen Prozessen und Tätigkeiten. Sie helfen bei der Vorbereitung von Einstellungsverfahren, indem sie die eingegangenen Lebensläufe scannen und die Auswahl auf die am besten geeigneten Kandidaten beschränken. Sie erledigen Verwaltungsaufgaben, bereiten Mitteilungen und Schreiben vor und führen die Auswertung der Erhebungen und Bewertungen durch die Abteilung durch."
Sekundarlehrer/in,2330,38,55,Bildung,110000,Tertiär,http://data.europa.eu/esco/occupation/5d46e448-b6bb-48e5-b245-5aad68e06085,Brennschneider/Brennschneiderin,"Brennschneider übernehmen die Einrichtung und Bedienung von Maschinen, die dafür konstruiert sind, überschüssiges Material von einem Metallwerkstück mit einem Brenner zu entfernen bzw. zu verbrennen. Dabei wird das Material bis zu seiner Entzündungstemperatur erhitzt und dann infolge einer Reaktion mit einem Sauerstoffstrom in ein Metalloxid umgewandelt, das als Schlacke aus der Fuge im Werkstück abfließt."
Geschäftsführer/in (KMU),1120,35,22,Verwaltung,160000,Tertiär,http://data.europa.eu/esco/occupation/4be4ea31-1211-4f0c-82bb-f6fe10791f4d,Geschäftsführer eines Flughafens/Geschäftsführerin eines Flughafens,"Geschäftsführer/Geschäftsführerinnen von Flughäfen leiten eine Gruppe von Flughafendirektoren/Flughafendirektorinnen, die für alle Bereiche des Flughafens zuständig sind. Sie planen die strategische Ausrichtung des Flughafens auf der Grundlage der Informationen ihres Managerteams."
Lastwagenfahrer/in,8332,35,2,Transport,62000,Sekundär II,http://data.europa.eu/esco/occupation/5d46e448-b6bb-48e5-b245-5aad68e06085,Brennschneider/Brennschneiderin,"Brennschneider übernehmen die Einrichtung und Bedienung von Maschinen, die dafür konstruiert sind, überschüssiges Material von einem Metallwerkstück mit einem Brenner zu entfernen bzw. zu verbrennen. Dabei wird das Material bis zu seiner Entzündungstemperatur erhitzt und dann infolge einer Reaktion mit einem Sauerstoffstrom in ein Metalloxid umgewandelt, das als Schlacke aus der Fuge im Werkstück abfließt."
Pflegeassistent/in,5321,35,87,Gesundheit,55000,Sekundär II,http://data.europa.eu/esco/occupation/5d46e448-b6bb-48e5-b245-5aad68e06085,Brennschneider/Brennschneiderin,"Brennschneider übernehmen die Einrichtung und Bedienung von Maschinen, die dafür konstruiert sind, überschüssiges Material von einem Metallwerkstück mit einem Brenner zu entfernen bzw. zu verbrennen. Dabei wird das Material bis zu seiner Entzündungstemperatur erhitzt und dann infolge einer Reaktion mit einem Sauerstoffstrom in ein Metalloxid umgewandelt, das als Schlacke aus der Fuge im Werkstück abfließt."
Buchhalter/in,2411,32,57,Finanzen,98000,Tertiär,http://data.europa.eu/esco/occupation/eda0d957-3c3c-4139-b89a-a18bc9e18897,Controller/Controllerin,"Controller/Controllerinnen prüfen und analysieren Jahresabschlüsse, Budgets, Finanzberichte und Geschäftspläne auf fehlerbedingte oder betrügerische Unregelmäßigkeiten und beraten ihre Kunden zu Themen wie Finanzprognose und Risikoanalyse.  Sie können Finanzdaten prüfen, Insolvenzfälle verwalten, Steuererklärungen erstellen und in Bezug auf die geltenden Rechtsvorschriften weitere Steuerberatung anbieten."
Maurer/in EFZ,7112,30,2,Bau,72000,Sekundär II,http://data.europa.eu/esco/occupation/05f321f8-055b-407d-bf19-e0ddabda56b7,Maurer/Maurerin,"Maurer bauen Steinmauern und Steinbauten, indem sie die Steine in einem festen Muster aufeinanderschichten und sie mit einem Bindemittel wie Zement aneinanderfügen. Anschließend füllen sie die Fugen mit Mörtel oder anderen geeigneten Materialien."
Informatiker/in EFZ (Applikationsentwicklung),2512,30,12,ICT,105000,Sekundär II,http://data.europa.eu/esco/occupation/e3229e40-f571-4b26-baca-29edc8fe313e,Informatiker/Informatikerin,"Informatiker führen Forschungsarbeiten auf dem Gebiet der Computer- und Informationswissenschaft durch, um grundlegende Aspekte von IKT-Phänomenen besser zu verstehen. Sie verfassen Forschungsberichte und -vorschläge. Außerdem finden und entwickeln Informatiker neue Ansätze in der Computertechnologie, entdecken innovative Anwendungen für bestehende Technologien sowie Studien und lösen komplexe Probleme auf ihrem Gebiet."
Elektriker/in EFZ,7411,30,3,Bau,80000,Sekundär II,http://data.europa.eu/esco/occupation/33960bab-4423-4808-af6c-ec2b485dba41,Bauelektriker/Bauelektrikerin,"Bauelektriker installieren und warten Stromkabel und andere elektrische Infrastrukturen in Gebäuden. Sie stellen sicher, dass Elektroinstallationen isoliert sind und dass keine Brandgefahr von ihnen ausgeht. Sie führen Bestandsaufnahmen durch und nehmen auf Anforderung Verbesserungen vor."
Hochschuldozent/in,2310,30,37,Bildung,130000,Tertiär,http://data.europa.eu/esco/occupation/479ede81-bd51-4f3b-9d30-4910699fd211,Hochschullehrkraft für Journalistik,"Hochschullehrkräfte für Journalistik und Medien sind Professoren/Professorinnen, Lehrkräfte oder Dozenten/Dozentinnen, die Studierende mit einem Abschluss der Sekundarstufe II in ihrem eigenen Fachgebiet, Journalistik und Medien, unterrichten. Sie arbeiten mit ihren Forschungsassistenten/Forschungsassistentinnen und wissenschaftlichen Hilfskräften zusammen, um Lehrveranstaltungen und Prüfungen vorzubereiten, studentische Arbeiten und Prüfungen zu benoten und Evaluierungsgespräche mit Studierenden zu führen. Zudem führen sie in ihrem jeweiligen Fachgebiet der Journalistik Forschungsarbeiten durch, veröffentlichen die gewonnenen Ergebnisse und tauschen sich mit Fachkollegen/-kolleginnen aus."
Spitex-Mitarbeiter/in,5322,30,89,Gesundheit,58000,Sekundär II,http://data.europa.eu/esco/occupation/b91034a0-1d3e-40e4-aced-07052ee0f9e9,Mitarbeiter in der Futtermittelherstellung/Mitarbeiterin in der Futtermittelherstellung,"Mitarbeiter in der Futtermittelherstellung bedienen verschiedene Maschinen für die Futtermittelherstellung in Industrieanlagen, z. B. Mischmaschinen, Abfüllmaschinen und Verlademaschinen."
Projektleiter/in (allg.),2421,28,32,Verwaltung,120000,Tertiär,http://data.europa.eu/esco/occupation/bea99fea-0383-4c63-b944-70d4799de2c5,Projektmanager/Projektmanagerin,"Projektmanager/Projektmanagerinnen stellen sicher, dass ein Projekt rechtzeitig und ohne Budgetüberschreitung abgeschlossen wird und die Projektziele erreicht werden. Sie beaufsichtigen das Projekt, leiten das Team, stellen sicher, dass die effizientesten Ressourcen eingesetzt werden, und sorgen dafür, dass alle Beteiligten zufrieden sind."
Versicherungskaufmann/-frau,3312,28,50,Versicherungen,88000,Sekundär II,http://data.europa.eu/esco/occupation/9a39a143-d93c-4093-ba3b-47fb67ade318,Versicherungssachbearbeiter/Versicherungssachbearbeiterin,"Versicherungssachbearbeiter nehmen bei einem Versicherungsunternehmen, einer anderen Dienstleistungseinrichtung, einem selbständigen Versicherungsmakler oder einem Makler einer staatlichen Einrichtung allgemeine Sekretariats- und Verwaltungsaufgaben wahr. Sie bieten Kunden Hilfestellung und Informationen über Versicherungen an und verwalten die Unterlagen von Versicherungsverträgen."
Koch/Köchin EFZ,3434,28,35,Gastgewerbe,58000,Sekundär II,http://data.europa.eu/esco/occupation/a256838b-0843-4ad2-a2fb-4531f94e63d8,Privatkoch/Privatköchin,"Privatköche bereiten unter Einhaltung von Lebensmittel- und Hygienevorschriften Mahlzeiten für ihre Arbeitgeber zu. Sie berücksichtigen die Unverträglichkeiten ihres Arbeitgebers in Bezug auf bestimmte Inhaltsstoffe und seine Vorlieben und kochen im Wohnhaus des Arbeitgebers. Bisweilen werden Privatköche auch aufgefordert, bei besonderen Anlässen gemeinschaftliche Abendessen oder andere Feierlichkeiten auszurichten."
Sozialarbeiter/in,2635,28,70,Soziales,88000,Tertiär,http://data.europa.eu/esco/occupation/b73f4ce5-13fa-43a0-bbf6-01d7315849b8,Teamleiter im Bereich Sozialarbeit/Teamleiterin im Bereich Sozialarbeit,"Teamleiter im Bereich Sozialarbeit leiten die Untersuchung mutmaßlicher Fälle von Vernachlässigung oder Missbrauch unter dem Aspekt der Sozialarbeit. Sie beurteilen die Familiendynamik und helfen Menschen, die an Erkrankungen bzw. emotionalen oder psychischen Störungen leiden. Sie schulen, unterstützen und beurteilen ihnen unterstellte Sozialarbeiter und teilen diesen Aufgaben zu, um dafür zu sorgen, dass alle Arbeiten gemäß den festgelegten Strategien, Rechtsvorschriften, Verfahren und Prioritäten durchgeführt werden."
Lagerist/in,4321,25,22,Transport,58000,Sekundär II,http://data.europa.eu/esco/occupation/d7a9f9e0-e2f5-4804-a0e0-b21ebb1403ee,Warenlagerverwalter/Warenlagerverwalterin,"Warenlagerverwalter verzeichnen den Bestand an Waren, die vor der Auslieferung an Geschäfte, Großhändler und Einzelkunden in Lagerhäusern aufbewahrt werden. Sie überprüfen das Inventar und erstellen dazu Unterlagen und Dokumente."
Arztpraxisassistent/in,3256,25,95,Gesundheit,60000,Sekundär II,http://data.europa.eu/esco/occupation/5d46e448-b6bb-48e5-b245-5aad68e06085,Brennschneider/Brennschneiderin,"Brennschneider übernehmen die Einrichtung und Bedienung von Maschinen, die dafür konstruiert sind, überschüssiges Material von einem Metallwerkstück mit einem Brenner zu entfernen bzw. zu verbrennen. Dabei wird das Material bis zu seiner Entzündungstemperatur erhitzt und dann infolge einer Reaktion mit einem Sauerstoffstrom in ein Metalloxid umgewandelt, das als Schlacke aus der Fuge im Werkstück abfließt."
Kinderbetreuerin/-betreuer,5311,25,93,Soziales,58000,Sekundär II,http://data.europa.eu/esco/occupation/3413f234-6230-47a8-8cc7-2691fd54ce3a,Kinderbetreuer/Kinderbetreuerin,"Kinderbetreuer übernehmen die Betreuung der Kinder, wenn die Eltern oder andere Familienmitglieder nicht verfügbar sind. Sie kümmern sich um die grundlegenden Bedürfnisse der Kinder und helfen ihnen bzw. beaufsichtigen sie beim Spielen. Kinderbetreuer können in Vorschulen, Kindertagesstätten, Kinderbetreuungseinrichtungen oder einzelnen Familien eingesetzt werden."
Kassierer/in,5223,25,75,Detailhandel,48000,Sekundär II,http://data.europa.eu/esco/occupation/c76dda38-938c-404e-8a6d-78c8705eebc0,Kassenaufsichtskraft,Kassenaufsichtskräfte beaufsichtigen Kassierer in Kaufhäusern und anderen großen Geschäften.
Sachbearbeiter/in Buchhaltung,4311,25,65,Finanzen,75000,Sekundär II,http://data.europa.eu/esco/occupation/bafbc672-0ad9-41af-9de8-db0c91a24f9b,Fakturist/Fakturistin,"Fakturisten erstellen Rechnungen und Kreditvermerke, stellen sie den Kunden auf allen erforderlichen Wegen zur Verfügung und aktualisieren die Kundenakten. Sie stellen Rechnungen an Kunden und aus und erstellen monatliche Debitorenauszüge, bringen Kundenakten auf den neuesten Stand, verarbeiten Kreditvermerke, erfassen und übermitteln Rechnungen usw."
Landwirt/in EFZ,6111,25,18,Landwirtschaft,52000,Sekundär II,http://data.europa.eu/esco/occupation/1c1e86f9-6347-42d6-aa6e-c95b138bf640,Landwirt/Landwirtin,Landwirte betreiben kleine Unternehmen oder sind Selbstversorger. Sie kümmern sich um alle Aspekte der Viehhaltung und des Pflanzenanbaus.
Sozialpädagoge/-pädagogin,2635,22,65,Soziales,82000,Tertiär,http://data.europa.eu/esco/occupation/fa4a3b52-990c-44eb-a912-490f5d689400,Sozialpädagoge/Sozialpädagogin,"Sozialpädagogen bieten Kindern und jungen Menschen mit unterschiedlichem Hintergrund oder unterschiedlichen Fähigkeiten Betreuung, Unterstützung und Bildung. Sie konzipieren Bildungsprozesse, bei denen die jungen Menschen selbst Verantwortung übernehmen müssen. Dabei verfolgen sie einen multidisziplinären Ansatz, der auf die Lernerfahrung ausgerichtet ist. Sozialpädagogen tragen zum Lernen, zum Wohlergehen und zur gesellschaftlichen Eingliederung von Menschen bei und legen Wert auf die Förderung ihrer Eigenständigkeit."
Arzt/Ärztin (Allgemeinmedizin),2211,22,47,Gesundheit,165000,Tertiär,http://data.europa.eu/esco/occupation/71f09c8b-a172-408c-b9e7-32e580e39ff6,Arzt für Allgemeinmedizin/Ärztin für Allgemeinmedizin,"Ärzte für Allgemeinmedizin/Ärztinnen für Allgemeinmedizin fördern die Gesundheit, beugen gesundheitlichen Beschwerden vor, identifizieren gesundheitliche Beschwerden, diagnostizieren und behandeln Erkrankungen und fördern die Genesung körperlicher und psychischer Krankheiten und Störungen aller Art, unabhängig vom Alter, dem Geschlecht oder den Beschwerden der Betroffenen."
Systemadministrator/in,2522,22,12,ICT,110000,Tertiär,http://data.europa.eu/esco/occupation/9e2e6e1e-363b-4e1b-a673-7bc0f7343300,IT-Systemadministrator/IT-Systemadministratorin,"IT-Systemadministratoren sind für die Wartung, Konfiguration und den zuverlässigen Betrieb von Computer- und Netzwerksystemen, Servern, Computerarbeitsplätzen und Peripheriegeräten zuständig. Bisweilen beschaffen, installieren oder aktualisieren sie Computerkomponenten und Software, automatisieren Routineaufgaben und schreiben Computerprogramme. Sie gewährleisten eine optimale Integrität, Sicherheit, Sicherung und Leistung des Systems."
Polymechaniker/in EFZ,7223,22,5,Industrie,78000,Sekundär II,http://data.europa.eu/esco/occupation/5d46e448-b6bb-48e5-b245-5aad68e06085,Brennschneider/Brennschneiderin,"Brennschneider übernehmen die Einrichtung und Bedienung von Maschinen, die dafür konstruiert sind, überschüssiges Material von einem Metallwerkstück mit einem Brenner zu entfernen bzw. zu verbrennen. Dabei wird das Material bis zu seiner Entzündungstemperatur erhitzt und dann infolge einer Reaktion mit einem Sauerstoffstrom in ein Metalloxid umgewandelt, das als Schlacke aus der Fuge im Werkstück abfließt."
Projektleiter/in (Technik),2149,22,18,Industrie,125000,Tertiär,http://data.europa.eu/esco/occupation/bea99fea-0383-4c63-b944-70d4799de2c5,Projektmanager/Projektmanagerin,"Projektmanager/Projektmanagerinnen stellen sicher, dass ein Projekt rechtzeitig und ohne Budgetüberschreitung abgeschlossen wird und die Projektziele erreicht werden. Sie beaufsichtigen das Projekt, leiten das Team, stellen sicher, dass die effizientesten Ressourcen eingesetzt werden, und sorgen dafür, dass alle Beteiligten zufrieden sind."
Restaurantfachmann/-frau EFZ,5131,22,62,Gastgewerbe,52000,Sekundär II,http://data.europa.eu/esco/occupation/6ba25e0f-7fb8-4879-a1f9-d4f8945966be,Kameramann/Kamerafrau,"Kameramänner/ Kamerafrauen sind für die visuelle Interpretation des Drehbuchs und sämtliche fotografische Aspekte des Films verantwortlich, einschließlich Bildeinstellungen, Farben, Licht, Stil und Drehorte. Sie geben dem Film bzw. der Fernsehsendung ein optisches Erscheinungsbild und wählen die Drehausrüstung aus, einschließlich der Objektive und Filter. Bildgestaltende Kameramänner/-frauen leiten die Teams an, die die optischen Geräte und die Beleuchtung bedienen. Um die gewünschte Wirkung zu erzielen, arbeiten sie mit dem Film- und Fernsehregisseur/der Film- und Fernsehregisseurin zusammen."
Kindergärtnerin/-gärtner,2342,22,96,Bildung,95000,Tertiär,http://data.europa.eu/esco/occupation/55d60ead-0343-4008-b9e4-fb4b5a179c83,Lehrkraft für Vorschulerziehung,"Lehrkräfte für Vorschulerziehung unterrichten Schülerinnen und Schüler – hauptsächlich kleine Kinder – in grundlegenden Fächern und kreativem Spielen, um ihre sozialen und intellektuellen Fähigkeiten auf lockere Weise zu fördern und sie auf das spätere Lernen in einem offizielleren Umfeld vorzubereiten. Sie erstellen (gegebenenfalls anhand eines festen Lehrplans) Unterrichtspläne für eine Klasse oder kleinere Gruppen und testen die Schülerinnen und Schüler in Bezug auf die Lerninhalte. Diese Unterrichtspläne für grundlegende Fächer umfassen z. B. das Erkennen von Zahlen, Buchstaben und Farben, die Wochentage und verschiedene Tierarten und Verkehrsmittel. Lehrkräfte für Vorschulerziehung beaufsichtigen Schülerinnen und Schüler außerdem außerhalb des Unterrichts auf dem Schulgelände und setzen Verhaltensregeln durch."
Küchenhilfe,9412,20,60,Gastgewerbe,44000,Keine Ausbildung,http://data.europa.eu/esco/occupation/e1cf6897-158d-4b48-a39e-2a3a8cac216c,Küchenhilfe,Küchenhilfen unterstützen bei der Zubereitung von Speisen und der Reinigung des Küchenbereichs.
Logistiker/in EFZ,3331,20,25,Transport,65000,Sekundär II,http://data.europa.eu/esco/occupation/a2ff6cc3-15fa-4f02-a457-8fd5df7aa29e,Führungskraft für intermodale Logistik,Führungskräfte für intermodale Logistik verwalten und beaufsichtigen gewerbliche und betriebliche Aspekte der intermodalen Logistik für ein Unternehmen.
Treuhänder/in,2412,20,48,Finanzen,105000,Tertiär,http://data.europa.eu/esco/occupation/7284ccbf-e2fd-4e2f-8bbf-bc54eab610d5,Privater Vermögensverwalter/private Vermögensverwalterin,"Private Vermögensverwalter/private Vermögensverwalterinnen überwachen und verwalten Privatvermögen. Sie legen die vermögensbezogenen und testamentarischen Unterlagen entsprechend aus und tauschen sich mit Finanzberatern/-beraterinnen aus, um das Anlageziel im Einklang mit den Vermögenszielen festzulegen, stimmen den Wertpapierkauf und -verkauf mit Kontoführern/-führerinnen ab und prüfen die Kundenkonten regelmäßig."
Rechtsanwalt/-anwältin,2611,20,35,Recht,155000,Tertiär,http://data.europa.eu/esco/occupation/974d4eab-fbee-4c52-b16e-73bdd8c25b53,Rechtsanwalt/Rechtsanwältin,"Rechtsanwälte bieten ihren Mandanten Rechtsberatung und vertreten sie in Gerichtsverfahren im Einklang mit dem Gesetz. Sie vertreten ihre Mandaten in verschiedenen Situationen, beispielsweise vor Gerichten, Gremien oder Behörden, und recherchieren, interpretieren und studieren Rechtssachen. Im Namen ihrer Mandanten entwickeln sie in unterschiedlichen Kontexten Argumentationen für Gerichtsverfahren, um Rechtsmittel geltend zu machen."
Maschinenbauingenieur/in,2144,20,12,Industrie,120000,Tertiär,http://data.europa.eu/esco/occupation/579254cf-6d69-4889-9000-9c79dc568644,Maschinenbauingenieur/Maschinenbauingenieurin,"Maschinenbauingenieure/Maschinenbauingenieurinnen planen und entwerfen mechanische Produkte und Systeme und überwachen die Herstellung, den Betrieb, die Anwendung, den Einbau und die Reparatur von Systemen und Produkten. Sie recherchieren und analysieren Daten."
Controller/in,2411,20,42,Finanzen,110000,Tertiär,http://data.europa.eu/esco/occupation/eda0d957-3c3c-4139-b89a-a18bc9e18897,Controller/Controllerin,"Controller/Controllerinnen prüfen und analysieren Jahresabschlüsse, Budgets, Finanzberichte und Geschäftspläne auf fehlerbedingte oder betrügerische Unregelmäßigkeiten und beraten ihre Kunden zu Themen wie Finanzprognose und Risikoanalyse.  Sie können Finanzdaten prüfen, Insolvenzfälle verwalten, Steuererklärungen erstellen und in Bezug auf die geltenden Rechtsvorschriften weitere Steuerberatung anbieten."
Lieferwagenfahrer/in,8322,18,5,Transport,55000,Sekundär II,http://data.europa.eu/esco/occupation/5d46e448-b6bb-48e5-b245-5aad68e06085,Brennschneider/Brennschneiderin,"Brennschneider übernehmen die Einrichtung und Bedienung von Maschinen, die dafür konstruiert sind, überschüssiges Material von einem Metallwerkstück mit einem Brenner zu entfernen bzw. zu verbrennen. Dabei wird das Material bis zu seiner Entzündungstemperatur erhitzt und dann infolge einer Reaktion mit einem Sauerstoffstrom in ein Metalloxid umgewandelt, das als Schlacke aus der Fuge im Werkstück abfließt."
Sachbearbeiter/in HR,4416,18,72,Verwaltung,82000,Sekundär II,http://data.europa.eu/esco/occupation/fd0801c9-809a-4cfd-98ed-6c5860c163f2,Sachbearbeiter im Investmentbereich/Sachbearbeiterin im Investmentbereich,"Sachbearbeiter im Investmentbereich unterstützen die Verwaltung von Investitionen in Aktien, Anleihen oder andere Wertpapiere und führen im Investitionsbereich eines Finanzunternehmens allgemeine Büroarbeiten aus."
Unternehmensberater/in,2421,18,35,Beratung,140000,Tertiär,http://data.europa.eu/esco/occupation/6a29d804-f775-446c-bec7-35fc4e28ac97,Unternehmensberater/Unternehmensberaterin,"Unternehmensberater analysieren die Lage, die Struktur und die Prozesse von Unternehmen und bieten Dienste oder Beratung zu deren Verbesserung an. Sie stellen fest, ob die Geschäftsprozesse z. B. im Hinblick auf die finanzielle Effizienz oder die Mitarbeiterführung Mängel aufweisen, und entwickeln strategische Pläne, um diese Schwierigkeiten zu überwinden. Sie arbeiten in externen Beratungsunternehmen, um eine objektive Sicht auf die Geschäftstätigkeit und die Struktur eines Unternehmens und seine methodischen Prozesse zu bieten."
Coiffeur/Coiffeuse EFZ,5141,18,88,Dienstleistungen,48000,Sekundär II,http://data.europa.eu/esco/occupation/099c6bb0-22d3-4c5d-8bf5-70910af381ef,Friseur/Friseurin,"Friseure bieten Dienstleistungen im Bereich Schönheitspflege an, beispielsweise das Schneiden, Färben und Frisieren von Haaren oder Dauerwellenbehandlungen. Sie befragen die Kunden zu ihren Frisurwünschen, um sie individuell zu bedienen. Friseure verwenden Haarschneidemaschinen, Scheren und Rasierapparate. Sie bieten Haar- und Kopfhautbehandlungen und behandeln das Haar mit Shampoo, Pflegeprodukten und Spülungen."
Physiotherapeut/in,2264,18,75,Gesundheit,78000,Tertiär,http://data.europa.eu/esco/occupation/006cc1f9-2841-41c3-991a-dc3f2f3bd533,Physiotherapeut/Physiotherapeutin,"Physiotherapeuten/Physiotherapeutinnen sind selbstständige Angehörige von Gesundheitsberufen, die auf der Grundlage evidenzbasierter praktischer Erkenntnisse für die Entwicklung, Aufrechterhaltung oder Wiederherstellung motorischer Funktionen und Bewegungen zuständig sind. Sie lindern Schmerzen und behandeln oder verhindern körperliche Leiden im Zusammenhang mit Verletzungen, Krankheiten oder sonstigen Beeinträchtigungen. Physiotherapeuten/Physiotherapeutinnen können Patienten/Patientinnen und ihre Betreuer/Betreuerinnen in die Lage versetzen, die Beschwerden ohne klinische Behandlungsmaßnahmen zu lindern. Sie arbeiten in ihrem Fachgebiet und entsprechend ihrem Verhaltenskodex. "
Architekt/in,2161,18,38,Bau,110000,Tertiär,http://data.europa.eu/esco/occupation/8c3f536e-ba66-4321-ba40-363dc39f129b,Architekt/Architektin,"Architekten/Architektinnen untersuchen, entwerfen und beaufsichtigen den Bau und die Entwicklung von Gebäuden, städtischen Räumen, Infrastrukturprojekten und sozialen Räumen. Bei ihren Entwürfen berücksichtigen sie die Umgebung und die lokal geltenden Rechtsvorschriften sowie verschiedene Faktoren, z. B. Funktionalität, Ästhetik, Kosten, öffentliche Gesundheit und Sicherheit. Sie kennen soziale Kontexte und Umweltfaktoren, zu denen auch die Beziehungen zwischen Menschen und Gebäuden und zwischen Gebäuden und der Umwelt gehören. Sie beteiligen sich an multidisziplinären Projekten, die auf die Entwicklung des sozialen Gefüges eines geografischen Gebiets und die Förderung von Projekten der sozialen Stadtentwicklung ausgerichtet sind. "
Polizist/in,3355,18,22,Öff. Verwaltung,95000,Sekundär II,http://data.europa.eu/esco/occupation/5793c124-c037-47b2-85b6-dd4a705968dc,Polizist/Polizistin,"Polizisten wenden Ermittlungsmethoden an, um Straftaten zu verhüten, Straftäter zu verfolgen und festzunehmen und die Öffentlichkeit vor Gewalttaten und kriminellen Aktivitäten zu schätzen. Sie führen Überwachungs- und Patrouillentätigkeiten durch, um Straftaten zu verhindern und Täter festzunehmen. Sie unterstützen die Opfer von Straftaten und die breite Öffentlichkeit und erfüllen auch Verwaltungsaufgaben."
Produktionsmitarbeiter/in (Pharma),8211,18,42,Industrie,68000,Sekundär II,http://data.europa.eu/esco/occupation/d3382c5a-589f-453d-a6d8-d28695057079,Pharmatechnologe/Pharmatechnologin,"Pharmatechnologen kontrollieren und warten die Geräte und Tanks für die Herstellung aktiver und funktioneller Inhaltsstoffe für Arzneimittel, wie Antibiotika oder Vitamine. Sie arbeiten außerdem in der Herstellung von Kosmetika oder Körperpflegemitteln."
Finanzanalyst/in,2413,18,33,Finanzen,140000,Tertiär,http://data.europa.eu/esco/occupation/8d586ee9-0ab1-4155-a3b0-2ca786c8e48c,Finanzanalyst/Finanzanalystin,"Finanzanalysten führen wirtschaftliche Recherchen durch und erstellen aussagekräftige Analysen zu Finanzthemen wie Rentabilität, Liquidität, Solvenz und Vermögensverwaltung. Sie geben Empfehlungen zu Finanzfragen ab, um Entscheidungsprozesse zu unterstützen. Finanzanalysten arbeiten sowohl im öffentlichen als auch im privaten Sektor."
Zimmermann/-frau EFZ,7115,18,2,Bau,76000,Sekundär II,http://data.europa.eu/esco/occupation/2a22ff9e-de3b-408d-b312-5034896cc4f4,Zimmerer/Zimmerin,"Zimmerer sägen, formen und montieren Holzelemente für Gebäude und andere Bauwerken. Sie verwenden für ihre Arbeit auch Materialien wie Kunststoffe und Metalle. Zimmerer fertigen die Rahmen für nach der Holrahmenbauweise errichtete Häuser."
IT-Projektleiter/in,2511,18,18,ICT,130000,Tertiär,http://data.europa.eu/esco/occupation/bea99fea-0383-4c63-b944-70d4799de2c5,Projektmanager/Projektmanagerin,"Projektmanager/Projektmanagerinnen stellen sicher, dass ein Projekt rechtzeitig und ohne Budgetüberschreitung abgeschlossen wird und die Projektziele erreicht werden. Sie beaufsichtigen das Projekt, leiten das Team, stellen sicher, dass die effizientesten Ressourcen eingesetzt werden, und sorgen dafür, dass alle Beteiligten zufrieden sind."
Servicemitarbeiter/in,5131,18,58,Gastgewerbe,48000,Sekundär II,http://data.europa.eu/esco/occupation/9653fb92-ad48-4865-a471-f270302fa93b,Reiseberater der Bahn/Reiseberaterin der Bahn,"Reiseberater der Bahn kümmern sich um Kunden am Bahnhof, beantworten ihre Fragen und reagieren schnell und sicher auf unerwartete Situationen. Sie erteilen Auskünfte, leisten Mobilitätshilfe und sorgen für Sicherheit in Bahnhöfen. Sie geben präzise und aktuelle Auskünfte über Ankunfts- und Abfahrtszeiten sowie Zugverbindungen und helfen den Kunden bei der Reiseplanung."
Gymnasiallehrer/in,2330,18,46,Bildung,120000,Tertiär,http://data.europa.eu/esco/occupation/5efb2c08-ba3a-4659-a2e4-1883f54e77b6,Lehrkraft Sekundarstufe,"Lehrkräfte Sekundarstufe unterrichten Schülerinnen und Schüler, in der Regel Kinder und junge Erwachsene, in einer Schule des Sekundarbereichs. Sie sind in der Regel Fachlehrkräfte, die in dem Fach ihrer Spezialisierung unterrichten. Sie erstellen Unterrichtspläne und -materialien, beobachten die Fortschritte der Schülerinnen und Schüler, bieten bei Bedarf ihre individuelle Hilfestellung und bewerten die Kenntnisse der Schülerinnen und Schüler anhand von Aufgaben, Tests und Prüfungen."
Filialleiter/in (Detailhandel),1420,15,55,Detailhandel,78000,Sekundär II,http://data.europa.eu/esco/occupation/bdfb48e0-79dc-4b63-8470-db2e03b37326,Verkaufsaufsichtskraft,"Verkaufsaufsichtskräfte sind für reibungslose Abläufe in Geschäften gemäß den gesetzlichen Vorschriften und den Unternehmensrichtlinien zuständig. Sie beaufsichtigen geschäftliche Tätigkeiten in den Bereichen Budget, Inventar und Kundendienst. Ferner überwachen Verkaufsaufsichtskräfte die Leistung der Mitarbeiter und stellen sicher, dass die Ziele erreicht werden."
Vermögensverwalter/in / Wealth Manager,2413,15,28,Finanzen,180000,Tertiär,http://data.europa.eu/esco/occupation/e20eee17-4876-4f21-a0cb-5d7f40c63cd8,Vermögensverwalter/Vermögensverwalterin,"Vermögensverwalter investieren das Geld ihrer Kunden in finanzielle Vermögenswerte, z. B. Anlageinstrumente wie Investmentfonds, oder verwalten die Portfolios einzelner Kunden. Dazu gehört die Verwaltung der finanziellen Vermögenswerte im Rahmen einer bestimmten Anlagestrategie und eines bestimmten Risikorahmens, die Bereitstellung von Informationen sowie die Bewertung und Überwachung von Risiken."
Elektroingenieur/in,2151,15,10,Industrie,122000,Tertiär,http://data.europa.eu/esco/occupation/e69697d0-2639-4aad-b73a-05e0b98357b1,Elektroingenieur Bergbau/Elektroingenieurin Bergbau,"Elektroingenieure Bergbau/Elektroingenieurinnen Bergbau beaufsichtigen die Beschaffung, Installation und Instandhaltung von elektrischen Bergbaugeräten mithilfe ihrer Elektrik- und Elektronikkenntnisse. Sie organisieren den Austausch und die Reparatur von elektrischen Geräten und Bauteilen."
ICT-Supporter/in,3512,15,15,ICT,80000,Sekundär II,http://data.europa.eu/esco/occupation/0ce5a9f4-e00a-4bbe-b255-3c63407167a4,IKT-Sicherheitsberater/IKT-Sicherheitsberaterin,IKT-Sicherheitsberater empfehlen und implementieren Lösungen für die Kontrolle des Zugangs zu Daten und Programmen. Sie fördern einen sicheren Informationsaustausch.
Gärtner/in EFZ,6113,15,35,Landwirtschaft,56000,Sekundär II,http://data.europa.eu/esco/occupation/98af7387-3974-457a-aa57-5397d1ea3949,Landschaftsgärtner für Innenraumbegrünung/Landschaftsgärtnerin für Innenraumbegrünung,"Landschaftsgärtner für Innenraumbegrünung entwerfen, installieren, pflegen und erhalten Grünflächen in Innenräumen entsprechend den Anforderungen der Kunden."
ÖV-Fahrer/in (Bus/Tram),8331,15,12,Transport,65000,Sekundär II,http://data.europa.eu/esco/occupation/3a15ec1b-9250-41a0-9344-feb2956481b7,Oberleitungsbusfahrer/Oberleitungsbusfahrerin,"Oberleitungsbusfahrer bedienen Oberleitungsbusse oder Linienbusse, nehmen Fahrpreise ein und betreuen Fahrgäste."
Sanitärinstallateur/in EFZ,7126,15,2,Bau,78000,Sekundär II,http://data.europa.eu/esco/occupation/ed3cf43d-c2c1-4c46-82fc-1375e27e0290,Gas- und Sanitärinstallateur/Gas- und Sanitärinstallateurin,"Gas- und Sanitärinstallateure warten und installieren Wasser-, Gas- und Abwassersysteme. Sie kontrollieren die Rohrleitungen und Armaturen regelmäßig und führen bei Bedarf Reparaturen aus. Sie biegen, schneiden und installieren Rohrleitungen. Sie testen die Systeme und nehmen auf sichere und vorschriftsmäßige Weise Anpassungen vor. Sie bringen Sanitäreinrichtungen an."
Maschinenführer/in,8211,15,15,Industrie,62000,Sekundär II,http://data.europa.eu/esco/occupation/71a98a24-e02b-4ba6-b4df-6556d7ae98cc,Maschinenführer in der Papierwarenerzeugung/Maschinenführerin in der Papierwarenerzeugung,"Maschinenführer in der Papierwarenerzeugung arbeiten mit Maschinen, die einen oder mehrere Vorgänge an Papier durchführen, um es für bestimmte Märkte geeignet zu machen, z. B. Lochen, Perforieren, Falten und Überziehen mit einer Kohlenstoffschicht."
Berufsschullehrer/in,2320,15,35,Bildung,115000,Tertiär,http://data.europa.eu/esco/occupation/81f8d141-3f67-4fb0-a349-db0147ef7b3a,Lehrkraft im Bereich Berufsbildung,"Lehrkräfte im Bereich Berufsbildung unterrichten Schülerinnen/Schüler in ihrem Fachgebiet, was überwiegend praktischer Natur ist. Sie vermitteln theoretische Kenntnisse, um die praktischen Fertigkeiten und Techniken zu fördern, die die Schüler/Schülerinnen später beherrschen müssen, um in einem Beruf der von ihnen gewählten Fachrichtung zu arbeiten, und fördern die die Entwicklung der entsprechenden Einstellungen und Werte. Lehrkräfte im Bereich Berufsbildung überwachen die Fortschritte der Schülerinnen und Schüler, helfen bei Bedarf individuell und bewerten ihr Wissen und ihre Leistungen mithilfe von Aufgaben, Tests und Prüfungen."
Posthalter/in / Logistiker/in Post,4415,15,42,Transport,68000,Sekundär II,http://data.europa.eu/esco/occupation/96430121-2757-4e96-9d6f-7517b25db4f7,Haussitter/Haussitterin,"Haussitter wohnen vorübergehend im Haus ihres Arbeitgebers, um die Sicherheit der Immobilie während dessen Abwesenheit zu wahren. Sie überwachen die Eingangsbereiche und verhindern, dass Unbefugte das Haus betreten. Sie inspizieren den Zustand des Gebäudes, z. B. die Rohrleitungen und die Heizungsanlage, und setzen sich bei Bedarf mit Reparaturbetrieben in Verbindung. Bisweilen übernehmen Haussitter auch Reinigungstätigkeiten, leiten Post weiter und bezahlen Rechnungen."
Apotheker/in,2262,14,72,Gesundheit,110000,Tertiär,http://data.europa.eu/esco/occupation/7c132147-428b-4ea3-87e1-70f7abb691ce,Apotheker/Apothekerin,"Apotheker/Apothekerinnen bereiten Arzneimittel zu, geben Arzneimittel ab und verkaufen frei erhältliche Arzneimittel. Sie bieten klinische Informationen über Arzneimittel, berichten über vermutete Nebenwirkungen und bieten Patientinnen/Patienten personalisierte Unterstützung. Apotheker/Apothekerinnen formulieren und testen Arzneimittel in Laboren, lagern sie, konservieren sie und geben sie ab."
Bauingenieur/in,2142,14,18,Bau,115000,Tertiär,http://data.europa.eu/esco/occupation/d7d986e1-7333-431b-9719-0c5c6939e360,Bauingenieur/Bauingenieurin,
Zahnarzt/-ärztin,2261,12,48,Gesundheit,160000,Tertiär,http://data.europa.eu/esco/occupation/e52b5707-7097-4dbc-ac61-054e917da241,Zahnarzt/Zahnärztin,"Zahnärzte/Zahnärztinnen verhindern, diagnostizieren und behandeln Anomalien und Erkrankungen der Zähne, des Mundes, des Kiefers und der angrenzenden Gewebe."
Sicherheitsbeauftragter/-beauftragte,5414,12,15,Sicherheit,65000,Sekundär II,http://data.europa.eu/esco/occupation/c8ee6499-7613-4c02-9edf-2a0edcf47705,Sicherheitsbeauftragter Luftverkehr/Sicherheitsbeauftragte Luftverkehr,"Sicherheitsbeauftragte Luftverkehr planen und entwickeln Sicherheitsverfahren für Luftfahrtunternehmen. Sie kennen die für den Luftverkehr geltenden Sicherheitsvorschriften und Beschränkungen. Auf dieser Grundlage leiten sie das Personal an, um die vorschriftsgemäße Einhaltung der Sicherheitsmaßnahmen zu gewährleisten."
Steuerberater/in,2412,12,42,Finanzen,120000,Tertiär,http://data.europa.eu/esco/occupation/50760da6-abc3-424c-b159-8ddf0818e016,Unternehmensbewerter/Unternehmensbewerterin,"Unternehmensbewerter/Unternehmensbewerterinnen bewerten Unternehmen, Unternehmensteile, Aktien, andere Wertpapiere und immaterielle Vermögenswerte, um ihre Kunden beim Treffen strategischer Entscheidungen wie Fusionen und Übernahmen, Rechtsstreitigkeiten, Insolvenz, Einhaltung von Steuervorschriften und Unternehmensumstrukturierung zu unterstützen."
Naturwissenschaftler/in (Biologie/Chemie),2113,12,45,Industrie,105000,Tertiär,http://data.europa.eu/esco/occupation/1b123879-8f0d-4793-8069-3dc21a08921a,Applikationsspezialist Chemie/Applikationsspezialistin Chemie,Applikationsspezialisten Chemie/Applikationsspezialistinnen Chemie entwickeln kundenspezifische chemische Erzeugnisse. Sie leiten die Entwicklung von Formulierungen und Formulierungsverfahren und die Bewertung der Effizienz und Leistung der Formulierungen.
Psychologe/-pädagogin,2634,12,72,Gesundheit,90000,Tertiär,http://data.europa.eu/esco/occupation/52ded7d7-11df-42e3-b90a-d7f4b70fb4b9,Psychologe/Psychologin,"Psychologen untersuchen das Verhalten und die mentalen Prozesse beim Menschen. Sie bieten Dienstleistungen für Kunden an, die unter psychischen Problemen und schwierigen Lebenssituationen leiden, z. B. Trauer um einen Verstorbenen, Beziehungsschwierigkeiten, häusliche Gewalt und sexueller Missbrauch. Sie bieten auch Beratung für psychische Erkrankungen wie Essstörungen, posttraumatische Belastungsstörungen und Psychosen an, um den Patienten zu helfen, sich zu erholen und ein gesundes Verhalten zu erlangen."
Immobilienbewirtschafter/in,3334,12,45,Immobilien,88000,Sekundär II,http://data.europa.eu/esco/occupation/5d46e448-b6bb-48e5-b245-5aad68e06085,Brennschneider/Brennschneiderin,"Brennschneider übernehmen die Einrichtung und Bedienung von Maschinen, die dafür konstruiert sind, überschüssiges Material von einem Metallwerkstück mit einem Brenner zu entfernen bzw. zu verbrennen. Dabei wird das Material bis zu seiner Entzündungstemperatur erhitzt und dann infolge einer Reaktion mit einem Sauerstoffstrom in ein Metalloxid umgewandelt, das als Schlacke aus der Fuge im Werkstück abfließt."
HR-Manager/in,1212,12,68,Verwaltung,115000,Tertiär,http://data.europa.eu/esco/occupation/d3e32e5e-7f24-48e3-b939-e4f800eb62fb,Personalberater/Personalberaterin,"Personalberater entwickeln und implementieren Strategien, die ihren Arbeitgebern dabei helfen, im jeweiligen Wirtschaftssektor angemessen qualifizierte Mitarbeiter auszuwählen und an das Unternehmen zu binden. Sie stellen Personal ein, verfassen Stellenanzeigen, führen Vorstellungsgespräche und nehmen Bewerber in die engere Wahl auf, führen Verhandlungen mit Arbeitsagenturen und legen Arbeitsbedingungen fest. Außerdem verwalten Personalberater die Löhne und Gehälter, überprüfen diese und leisten Beratung in Bezug auf Vergütung und Arbeitsrecht. Sie organisieren Weiterbildungsmöglichkeiten, um die Leistungen der Arbeitnehmer zu steigern."
Datenwissenschaftler/in / Data Scientist,2514,12,22,ICT,135000,Tertiär,http://data.europa.eu/esco/occupation/258e46f9-0075-4a2e-adae-1ff0477e0f30,Datenwissenschaftler/Datenwissenschaftlerin,"Datenwissenschaftler finden und interpretieren reichhaltige Datenquellen, verwalten große Datenmengen, führen Datenquellen zusammen, sorgen für die Konsistenz der Datensätze und erstellen Visualisierungen, um die Daten zu veranschaulichen. Sie erstellen anhand der Daten mathematische Modelle, präsentieren und vermitteln datenbezogene Erkenntnisse an Experten und Wissenschaftler in ihrem Team sowie ggf. an eine nicht fachkundige Öffentlichkeit und geben Empfehlungen zur Verwendung der Daten ab."
Hotelfachmann/-frau EFZ,5131,12,65,Gastgewerbe,58000,Sekundär II,http://data.europa.eu/esco/occupation/6ba25e0f-7fb8-4879-a1f9-d4f8945966be,Kameramann/Kamerafrau,"Kameramänner/ Kamerafrauen sind für die visuelle Interpretation des Drehbuchs und sämtliche fotografische Aspekte des Films verantwortlich, einschließlich Bildeinstellungen, Farben, Licht, Stil und Drehorte. Sie geben dem Film bzw. der Fernsehsendung ein optisches Erscheinungsbild und wählen die Drehausrüstung aus, einschließlich der Objektive und Filter. Bildgestaltende Kameramänner/-frauen leiten die Teams an, die die optischen Geräte und die Beleuchtung bedienen. Um die gewünschte Wirkung zu erzielen, arbeiten sie mit dem Film- und Fernsehregisseur/der Film- und Fernsehregisseurin zusammen."
Qualitätsmanager/in,2146,12,35,Industrie,110000,Tertiär,http://data.europa.eu/esco/occupation/fdb16700-109e-4d02-949e-3213f278df93,Qualitätsbeauftragter in der Industrie/Qualitätsbeauftragte in der Industrie,"Qualitätsbeauftragte in der Industrie überwachen und kontrollieren die Informationsgüter, indem sie Verfahren für die Einhaltung von Industriestandards festlegen. Sie führen Prüfungen in industriellen Prozessen durch, beraten zu Präventiv- und Korrekturmaßnahmen und sorgen für die Einhaltung der Industriestandards."
Maler/in und Gipser/in EFZ,7131,12,5,Bau,68000,Sekundär II,http://data.europa.eu/esco/occupation/15620506-fb5d-49cd-87a2-1c9047fb406a,Maler/Malerin,"Maler streichen die Innen- und Außenwände von Gebäuden und anderen Bauwerken an. Dabei verwenden sie Standardfarben auf Latexbasis oder Spezialfarben, um Schutz- und Verschönerungswirkungen zu erzielen. Maler sind für verschiedene Anwendungen von Bürsten, Farbrollern und Farbspritzgeräten ausgebildet."
Automatiker/in EFZ,3115,12,5,Industrie,82000,Sekundär II,http://data.europa.eu/esco/occupation/5d46e448-b6bb-48e5-b245-5aad68e06085,Brennschneider/Brennschneiderin,"Brennschneider übernehmen die Einrichtung und Bedienung von Maschinen, die dafür konstruiert sind, überschüssiges Material von einem Metallwerkstück mit einem Brenner zu entfernen bzw. zu verbrennen. Dabei wird das Material bis zu seiner Entzündungstemperatur erhitzt und dann infolge einer Reaktion mit einem Sauerstoffstrom in ein Metalloxid umgewandelt, das als Schlacke aus der Fuge im Werkstück abfließt."
Zugbegleiter/in / Lokführer/in,8311,12,18,Transport,80000,Sekundär II,http://data.europa.eu/esco/occupation/ea034d66-0d35-4891-b82c-6434cad2c76f,Zugbegleiter/Zugbegleiterin,"Zugbegleiter unterstützen die Fahrgäste beim Ein- und Aussteigen. Sie beantworten Fragen der Fahrgäste hinsichtlich der Regeln für den Bahnverkehr und zu Bahnhöfen und erteilen Fahrplanauskünfte. Sie kontrollieren oder verkaufen Einzel- oder Zeitfahrkarten und unterstützen den Leiter des Zugbegleiterteams bei seinen operativen Aufgaben, z. B. in Bezug auf das Schließen der Türen oder eine bestimmte operative Kommunikation. Bei technischen Zwischenfällen und Notfällen sorgen sie für ein sicheres Verhalten der Fahrgäste."
Bauführer/in,3123,10,8,Bau,105000,Tertiär,http://data.europa.eu/esco/occupation/5d46e448-b6bb-48e5-b245-5aad68e06085,Brennschneider/Brennschneiderin,"Brennschneider übernehmen die Einrichtung und Bedienung von Maschinen, die dafür konstruiert sind, überschüssiges Material von einem Metallwerkstück mit einem Brenner zu entfernen bzw. zu verbrennen. Dabei wird das Material bis zu seiner Entzündungstemperatur erhitzt und dann infolge einer Reaktion mit einem Sauerstoffstrom in ein Metalloxid umgewandelt, das als Schlacke aus der Fuge im Werkstück abfließt."
Versicherungsexperte/-expertin,2422,10,38,Versicherungen,115000,Tertiär,http://data.europa.eu/esco/occupation/3d190639-90f8-4402-b1b3-a104a17e0d67,Experte für Datenintegration/Expertin für Datenintegration,Experten für Datenintegration führen die Integration verschiedener Datenbanken durch. Sie pflegen die Integration und gewährleisten Interoperabilität.
Chemieingenieur/in / Verfahrenstechniker/in,2145,10,25,Industrie,118000,Tertiär,http://data.europa.eu/esco/occupation/ec21ce88-ce14-49b6-be0a-cc53cf5a3a67,Chemieingenieur/Chemieingenieurin,"Chemieingenieure/Chemieingenieurinnen entwerfen und entwickeln chemische und physikalische Großmengen-Herstellungsverfahren und sind in den gesamten industriellen Prozess eingebunden, der für die Umwandlung von Rohstoffen in Produkte erforderlich ist."
Grafiker/in,2166,10,45,Medien,80000,Tertiär,http://data.europa.eu/esco/occupation/802a0e5d-5625-4166-a1f0-d13e2586df55,Grafiker/Grafikerin,"Grafiker gravieren oder ätzen Bilder in Metall, Holz, Gummi oder andere Materialien. Diese Bilder werden anschließend, in der Regel mithilfe einer Druckerpresse, auf andere Oberflächen übertragen. Grafiker verwenden häufig Werkzeuge wie Radiernadeln, Pantografen und spezielle Siebe."
Hauswirtschaftler/in EFZ,5131,10,92,Dienstleistungen,52000,Sekundär II,http://data.europa.eu/esco/occupation/5d46e448-b6bb-48e5-b245-5aad68e06085,Brennschneider/Brennschneiderin,"Brennschneider übernehmen die Einrichtung und Bedienung von Maschinen, die dafür konstruiert sind, überschüssiges Material von einem Metallwerkstück mit einem Brenner zu entfernen bzw. zu verbrennen. Dabei wird das Material bis zu seiner Entzündungstemperatur erhitzt und dann infolge einer Reaktion mit einem Sauerstoffstrom in ein Metalloxid umgewandelt, das als Schlacke aus der Fuge im Werkstück abfließt."
Chemielaborant/in EFZ,3113,10,45,Industrie,78000,Sekundär II,http://data.europa.eu/esco/occupation/87775d69-ae88-449e-ad71-6f9875711816,Chemielaborant/Chemielaborantin,"Chemielaboranten überwachen chemische Prozesse und analysieren chemische Stoffe für Produktions- oder wissenschaftliche Zwecke. Sie arbeiten in Labors oder Produktionsstätten, in denen sie Chemiker bei ihrer Arbeit unterstützen. Chemielaboranten üben Labortätigkeiten aus, testen chemische Stoffe, analysieren Daten und berichten über die Ergebnisse ihrer Arbeit."
Mechatroniker/in EFZ,7421,10,4,Industrie,85000,Sekundär II,http://data.europa.eu/esco/occupation/0ec62c2e-30c9-434e-bf36-5277a0840450,Kraftfahrzeugmechatroniker in der Fahrzeugmodernisierung/Kraftfahrzeugmechatronikerin in der Fahrzeugmodernisierung,"Kraftfahrzeugmechatroniker in der Fahrzeugmodernisierung übernehmen die Reparatur und Instandsetzung der Innenteile von Fahrzeugen, beispielsweise Motorteile und Dieseleinspritzpumpen."
Marketing-/Kommunikationsleiter/in,1222,10,52,Verwaltung,120000,Tertiär,http://data.europa.eu/esco/occupation/9a6d8a84-a8a9-4c9b-9ead-59a710e93759,Lehrkraft für Wirtschaft und Marketing,"Lehrkräfte für Wirtschaft und Marketing unterrichten Schülerinnen und Schüler in ihrem Fachgebiet, d. h. Wirtschaft und Marketing, was überwiegend praktischer Natur ist. Sie vermitteln theoretische Kenntnisse, um die praktischen Fertigkeiten und Techniken zu fördern, die die Schüler/Schülerinnen später beherrschen müssen, um in einem Wirtschafts- und Marketingberuf zu arbeiten. Lehrkräfte für Wirtschaft und Marketing überwachen die Fortschritte der Schülerinnen und Schüler, helfen bei Bedarf individuell und bewerten ihr Wissen und ihre Leistungen mithilfe von Aufgaben, Tests und Prüfungen."
Ökonom/in / Volkswirt/in,2631,8,40,Finanzen,120000,Tertiär,http://data.europa.eu/esco/occupation/99492920-e5a5-4dba-9e5a-93193147198c,Volkswirtschaftler/Volkswirtschaftlerin,"Volkswirtschaftler führen Forschungsarbeiten durch und entwickeln Wirtschaftstheorien für mikroökonomische oder makroökonomische Analysen. Sie untersuchen Trends, analysieren statistische Daten und verwenden in gewissem Umfang mathematische Wirtschaftsmodelle, um Unternehmen, Regierungen und damit verbundene Einrichtungen zu beraten. Sie bieten Beratung zu Themen wie Machbarkeit von Produkten, Trendprognosen, aufstrebenden Märkten, Steuerpolitik und Verbrauchertrends."
Hochbauzeichner/in EFZ,3112,8,15,Bau,85000,Sekundär II,http://data.europa.eu/esco/occupation/5d46e448-b6bb-48e5-b245-5aad68e06085,Brennschneider/Brennschneiderin,"Brennschneider übernehmen die Einrichtung und Bedienung von Maschinen, die dafür konstruiert sind, überschüssiges Material von einem Metallwerkstück mit einem Brenner zu entfernen bzw. zu verbrennen. Dabei wird das Material bis zu seiner Entzündungstemperatur erhitzt und dann infolge einer Reaktion mit einem Sauerstoffstrom in ein Metalloxid umgewandelt, das als Schlacke aus der Fuge im Werkstück abfließt."
Telematiker/in EFZ,3522,8,5,ICT,80000,Sekundär II,http://data.europa.eu/esco/occupation/5d46e448-b6bb-48e5-b245-5aad68e06085,Brennschneider/Brennschneiderin,"Brennschneider übernehmen die Einrichtung und Bedienung von Maschinen, die dafür konstruiert sind, überschüssiges Material von einem Metallwerkstück mit einem Brenner zu entfernen bzw. zu verbrennen. Dabei wird das Material bis zu seiner Entzündungstemperatur erhitzt und dann infolge einer Reaktion mit einem Sauerstoffstrom in ein Metalloxid umgewandelt, das als Schlacke aus der Fuge im Werkstück abfließt."
Compliance Officer,2412,8,42,Finanzen,130000,Tertiär,http://data.europa.eu/esco/occupation/a950e88b-cb5e-4a7d-8a94-3f9460b487d7,Compliance-Ingenieur/Compliance-Ingenieurin,"Compliance-Ingenieure/Compliance-Ingenieurinnen sind bestrebt, die bestmögliche Vereinbarkeit von Systemen mit den technischen Spezifikationen aufrecht zu erhalten. Sie können die Compliance in einer Vielzahl von technischen Bereichen überwachen, einschließlich mechanischer, elektrischer und elektronischer Systeme. Sie stellen sicher, dass die Technik den Vorschriften, Sicherheitsmaßnahmen und internen Richtlinien entspricht."
Drogist/in,3256,8,75,Detailhandel,62000,Sekundär II,http://data.europa.eu/esco/occupation/5d46e448-b6bb-48e5-b245-5aad68e06085,Brennschneider/Brennschneiderin,"Brennschneider übernehmen die Einrichtung und Bedienung von Maschinen, die dafür konstruiert sind, überschüssiges Material von einem Metallwerkstück mit einem Brenner zu entfernen bzw. zu verbrennen. Dabei wird das Material bis zu seiner Entzündungstemperatur erhitzt und dann infolge einer Reaktion mit einem Sauerstoffstrom in ein Metalloxid umgewandelt, das als Schlacke aus der Fuge im Werkstück abfließt."
Netzwerkingenieur/in,2523,8,8,ICT,115000,Tertiär,http://data.europa.eu/esco/occupation/cf2b03cd-feb7-4f47-90f6-ff1ed6016d3d,IT-Netzwerkingenieur/IT-Netzwerkingenieurin,"IT-Netzwerkingenieure implementieren, warten und unterstützen Computernetzwerke. Außerdem modellieren, analysieren und planen sie diese Netzwerke. Bisweilen konzipieren sie auch Maßnahmen zur Netzwerk- und Computersicherheit. Unter Umständen recherchieren sie, welche Hardware und Software für ein Netzwerk geeignet ist, und geben entsprechende Empfehlungen ab."
Journalist/in / Redakteur/in,2641,8,50,Medien,90000,Tertiär,http://data.europa.eu/esco/occupation/db3da11f-67a0-415f-b785-81f33d3be810,Wirtschaftsjournalist/Wirtschaftsjournalistin,"Wirtschaftsjournalisten recherchieren und verfassen Artikel über Wirtschaftsthemen und -ereignisse für Zeitungen, Zeitschriften, Fernsehen und andere Medien. Sie führen Interviews und nehmen an Veranstaltungen teil."
Wirtschaftsprüfer/in,2411,8,35,Finanzen,130000,Tertiär,http://data.europa.eu/esco/occupation/1ad59946-d13e-441e-9b36-56e1df055e21,Finanzauditor/Finanzauditorin,"Finanzauditoren/Finanzauditorinnen erfassen und prüfen Finanzdaten für Kundinnen und Kunden, Organisationen oder Unternehmen. Sie stellen sicher, dass die finanziellen Aufzeichnungen korrekt geführt werden, dass die Finanzdaten frei von fehlerbedingten oder betrügerischen wesentlichen falschen Darstellungen sind, dass die Daten mathematisch korrekt sind und dass die Geschäfte wirksam und im Einklang mit den rechtlichen und aufsichtlichen Anforderungen geführt werden. Sie überprüfen Darlehensvergabe- und Kreditrichtlinien oder zahlenmäßige Posten in Datenbanken und Dokumenten und evaluieren, beraten und unterstützen bei Bedarf den Urheber des Vorgangs. Auf Grundlage ihrer Prüfung der Führung der Finanzgeschäfte (Governance) des Kunden geben sie ein Prüfungsurteil mit einem Sicherheitsgrad ab, um die Anteilinhaber, die Interessenträger und den Verwaltungsrat darüber zu informieren, ob alles in Ordnung ist."
UX/UI Designer/in,2166,8,38,ICT,110000,Tertiär,http://data.europa.eu/esco/occupation/11830794-108c-48fe-a282-2cd7a2945344,Designer von Glücks- und Wettspielen/Designerin von Glücks- und Wettspielen,"Designer von Glücks- und Wettspielen/Designerinnen von Glücks- und Wettspielen entwerfen innovative Glücks- und Wettspiele. Sie legen das Design, die Spielregeln oder die Struktur eines Spiels fest. Designer/Designerinnen von Glücks- und Wettspielen können das Spiel auch vorführen."
IT-Sicherheitsspezialist/in,2529,8,14,ICT,135000,Tertiär,http://data.europa.eu/esco/occupation/0464b062-cea6-4164-b10d-956c61956ae7,IT-Sicherheitsadministrator/IT-Sicherheitsadministratorin,"IT-Sicherheitsadministratoren planen und implementieren Sicherheitsmaßnahmen zum Schutz von Informationen und Daten vor unbefugtem Zugriff, vorsätzlichem Angriff, Diebstahl und Datenkorruption."
Statistiker/in / Aktuar/in,2120,6,38,Finanzen,125000,Tertiär,http://data.europa.eu/esco/occupation/068c2787-58ff-468e-bbb6-c4e5dd6ee482,Aktuar/Aktuarin,"Aktuare/Aktuarinnen analysieren und verwalten die finanziellen Auswirkungen von Risiken und legen Leitlinien dazu vor. Sie sind u. a. in den Bereichen Versicherung, Altersversorgung, Investitionen, Bankenwesen, Gesundheitsversorgung usw. tätig. Aktuare/Aktuarinnen wenden technische und statistische Modelle und Theorien für strategische, kommerzielle und finanzielle Beratung an."
Umweltingenieur/in,2143,6,35,Umwelt,105000,Tertiär,http://data.europa.eu/esco/occupation/ac1fc6a9-70d2-475c-8fa0-82ef83830968,Umweltingenieur/Umweltingenieurin,"Umweltingenieure/Umweltingenieurinnen lassen Umwelt- und Nachhaltigkeitsmaßnahmen in die Planung verschiedenster Projekte einfließen. Sie sind bestrebt, natürliche Ressourcen und naturbelassene Flächen zu erhalten. Sie arbeiten mit Ingenieuren/Ingenieurinnen aus anderen Bereichen zusammen, um alle potenziellen Auswirkungen von Projekten abzuwägen, um Wege zur Erhaltung der natürlichen Ressourcen zu entwickeln, Umweltverschmutzung zu verhindern und sanitäre Maßnahmen zu ergreifen."
Immobilienmakler/in,3334,6,38,Immobilien,95000,Sekundär II,http://data.europa.eu/esco/occupation/8ec8df02-e9dd-43b7-b416-5846ae0414ab,Immobilienmakler/Immobilienmaklerin,"Immobilienmakler verwalten den Verkauf oder die Vermietung von Wohn- und Gewerbeimmobilien oder Grundstücken im Namen ihrer Kunden. Sie prüfen den Zustand der Immobilie und bewerten ihren Wert, um ihren Kunden den besten Preis anzubieten. Sie führen Verhandlungen, setzen einen Kauf- oder Mietvertrag auf und setzen sich mit Dritten in Verbindung, um bei den Geschäften die erklärten Ziele zu erreichen. Sie führen Recherchen durch, um die Rechtmäßigkeit eines Immobilienverkaufs im Vorfeld zu ermitteln, und stellen sicher, dass ihm keine Rechtsstreitigkeiten oder Beschränkungen entgegenstehen."
Elektroplaner/in EFZ,3113,6,8,Bau,85000,Sekundär II,http://data.europa.eu/esco/occupation/5d46e448-b6bb-48e5-b245-5aad68e06085,Brennschneider/Brennschneiderin,"Brennschneider übernehmen die Einrichtung und Bedienung von Maschinen, die dafür konstruiert sind, überschüssiges Material von einem Metallwerkstück mit einem Brenner zu entfernen bzw. zu verbrennen. Dabei wird das Material bis zu seiner Entzündungstemperatur erhitzt und dann infolge einer Reaktion mit einem Sauerstoffstrom in ein Metalloxid umgewandelt, das als Schlacke aus der Fuge im Werkstück abfließt."
PR-Spezialist/in,2432,6,62,Medien,95000,Tertiär,http://data.europa.eu/esco/occupation/e16c2422-1323-4d8a-bd0f-c7584de70be1,Spezialist für Preiskalkulation/Spezialistin für Preiskalkulation,"Spezialisten für Preiskalkulation analysieren die Herstellungskosten, die Markttrends und die Wettbewerber, um unter Berücksichtigung von Marken- und Marketingkonzepten den richtigen Preis zu ermitteln."
Feuerwehrmann/-frau,5411,5,8,Öff. Verwaltung,88000,Sekundär II,http://data.europa.eu/esco/occupation/88721b6c-d2ce-41c6-8878-73c0d3aacf39,Berufsfeuerwehrmann/Berufsfeuerwehrfrau,"Berufsfeuerwehrleute sind für Notfalleinsätze im Falle eines Brandausbruchs oder anderer gefährlicher Situationen verantwortlich. Sie überwachen die Evakuierung der gefährdeten Gebäude und sorgen dafür, dass die Betroffenen gerettet und von den zuständigen Fachkräften betreut werden. Im Anschluss an die Personenrettung stellen sie sicher, dass das Feuer entsprechend den Gesundheits- und Sicherheitsvorschriften gelöscht wird. Sie regeln auch die Beseitigung des Brandschutts und die Schadensbewertung."
Notar/in,2619,4,30,Recht,145000,Tertiär,http://data.europa.eu/esco/occupation/d21890a3-cbe9-49df-9a19-a4120d866548,Notar/Notarin,"Notare gewährleisten die Echtheit und Rechtmäßigkeit amtlicher Dokumente wie Erklärungen, Bescheinigungen, Verträge, Urkunden und Kaufbelege. Sie prüfen die Dokumente und beglaubigen die Echtheit der Unterschrift. Sie nehmen Vereidigungen vor und stellen Erklärungen und sonstige notarielle Beurkundungen aus."
