beruf,isco_code,beschaeftigte_1000,frauen_pct,branche,lohn_median_chf,qualifikation,esco_uri,esco_titel,esco_beschreibung,match_score
Dipl. Pflegefachperson,2221,130,84,Gesundheit,82000,Tertiär,http://data.europa.eu/esco/occupation/8d3e8aaa-791b-4c75-a465-f3f827028f50,Krankenpfleger Allgemeine Krankenpflege/Krankenschwester Allgemeine Krankenpflege,"Krankenpfleger Allgemeine Krankenpflege/Krankenschwestern Allgemeine Krankenpflege fördern die Patientengesundheit und stellen sie wieder her, indem sie die Patientinnen und Patienten und deren Angehörige körperlich und psychologisch unterstützen. Sie beaufsichtigen zudem die zugewiesenen Teammitglieder.",2
Kaufmann/-frau EFZ (allg. Richtung),4110,110,58,Verwaltung,72000,Sekundär II,http://data.europa.eu/esco/occupation/6c999fc7-c6b7-4ef3-a4b9-af124a1783a2,office clerk,"Büroassistenten übernehmen Büro- und Verwaltungsaufgaben in Büros und unterstützen den Geschäftsbetrieb innerhalb einer Abteilung. Sie gehen allen Verwaltungsbeschäftigten, Sekretariatskräften und Assistenten zur Hand, indem sie Korrespondenz ordnen, Formulare und Dokumente ausfüllen, Telefonanrufe entgegennehmen, Kunden in Empfang nehmen, Sitzungstermine planen und Getränke servieren.",2
Softwareentwickler/in,2512,95,16,ICT,130000,Tertiär,http://data.europa.eu/esco/occupation/f2b15a0e-e65a-438a-affb-29b9d50b77d1,Softwareentwickler/Softwareentwicklerin,"Softwareentwickler implementieren oder programmieren Softwaresystemen jeder Art auf der Grundlage von Spezifikationen bzw. Entwürfen unter Einsatz von Programmiersprachen, Tools und Plattformen.",2
Fachperson Gesundheit EFZ (FaGe),3221,80,88,Gesundheit,62000,Sekundär II,http://data.europa.eu/esco/occupation/c7ad889f-10fc-4346-b740-bd479ad82b47,Sozialmedizinischer Assistent/Sozialmedizinische Assistentin,"Sozialmedizinische Assistenten beraten und informieren über verschiedene Gesundheitsthemen. Sie können auch zur Betreuung von Schwangeren vor und nach der Geburt beitragen, Ernährungsempfehlungen abgeben und Menschen bei der Raucherentwöhnung unterstützen. Sozialmedizinische Assistenten entwickeln Gesundheits- und Präventionsprogramme.",1
Detailhandelsfachmann/-frau EFZ,5223,70,65,Detailhandel,58000,Sekundär II,http://data.europa.eu/esco/occupation/547b304b-9a72-4717-9b24-b7046df5f64e,Fachverkäufer/Fachverkäuferin,Fachverkäufer verkaufen Waren in Fachgeschäften.,2
Primarlehrer/in,2341,55,72,Bildung,102000,Tertiär,http://data.europa.eu/esco/occupation/03d79393-7b30-4159-945b-01963eddd302,Lehrkraft im Primarbereich,"Lehrkräfte im Primarbereich unterrichten Schülerinnen und Schüler der Grundschulstufe. Sie erstellen Unterrichtspläne im Einklang mit den Lehrplanzielen für die von ihnen unterrichteten Fächer, einschließlich Rechnen, Sprachen, Naturkunde und Musik. Sie überwachen die Lernentwicklung der Schülerinnen und Schüler und bewerten ihre Kenntnisse und Fähigkeiten in den Unterrichtsfächern anhand von Tests. Sie richten den Unterrichtsinhalt an den Vorkenntnissen der Schülerinnen und Schüler aus und ermutigen sie, ihr Verständnis in Bezug auf ihre Interessensgebiete zu vertiefen. Sie verwenden Unterrichtsmaterialien und -methoden, um ein inspirierendes Lernumfeld zu schaffen. Lehrkräfte im Primarbereich tragen zudem zu Schulveranstaltungen bei und tauschen sich mit den Erziehungsberechtigten und der Schulleitung aus.",2
Bankkaufmann/-frau,3311,55,45,Finanzen,92000,Sekundär II,http://data.europa.eu/esco/occupation/e40e4a07-4246-4c6f-a51c-89d35b6fe75e,Abfallmakler/Abfallmaklerin,"Abfallmakler fungieren als Vermittler zwischen Kunden und Unternehmen der Abfallbewirtschaftung. Sie stellen sicher, dass die Abfälle von einem spezialisierten professionellen Kunden abgeholt und in eine Abfallbewirtschaftungsanlage verbracht werden, um verarbeitet zu werden.",1
Reinigungskraft / Hauswart,9112,50,72,Dienstleistungen,46000,Keine Ausbildung,http://data.europa.eu/esco/occupation/731ecac4-06e8-4ec2-a559-101fecbd9183,Raumpfleger/Raumpflegerin,"Raumpfleger reinigen Gästezimmer und andere öffentliche Bereiche, räumen sie auf und füllen Vorräte auf.",2
Sekretär/in / Assistent/in,4120,45,88,Verwaltung,70000,Sekundär II,http://data.europa.eu/esco/occupation/6c999fc7-c6b7-4ef3-a4b9-af124a1783a2,Büroassistent/Büroassistentin,"Büroassistenten übernehmen Büro- und Verwaltungsaufgaben in Büros und unterstützen den Geschäftsbetrieb innerhalb einer Abteilung. Sie gehen allen Verwaltungsbeschäftigten, Sekretariatskräften und Assistenten zur Hand, indem sie Korrespondenz ordnen, Formulare und Dokumente ausfüllen, Telefonanrufe entgegennehmen, Kunden in Empfang nehmen, Sitzungstermine planen und Getränke servieren.",1
Verkäufer/in (ohne Ausbildung),5223,40,70,Detailhandel,50000,Sekundär II,http://data.europa.eu/esco/occupation/56a535ff-189b-45da-97d4-775f78744f83,Augenoptiker in Beratung und Verkauf/Augenoptikerin in Beratung und Verkauf,Augenoptiker in Beratung und Verkauf verkaufen in Fachgeschäften Brillen.,2
Sachbearbeiter/in öff. Verwaltung,4416,40,58,Öff. Verwaltung,82000,Sekundär II,http://data.europa.eu/esco/occupation/9ab0f0db-1128-4050-becd-b09db5eabdaa,Dokumentationsfachkraft,"Dokumentationsfachkräfte sind für Aufzeichnungen über ein Unternehmen und für die Verwaltung von Formularen und Informationen zuständig. Sie ordnen Dokumente, rufen sie bei Bedarf ab und sorgen für ein effizient funktionierendes System.",1
Sekundarlehrer/in,2330,38,55,Bildung,110000,Tertiär,http://data.europa.eu/esco/occupation/5efb2c08-ba3a-4659-a2e4-1883f54e77b6,Lehrkraft Sekundarstufe,"Lehrkräfte Sekundarstufe unterrichten Schülerinnen und Schüler, in der Regel Kinder und junge Erwachsene, in einer Schule des Sekundarbereichs. Sie sind in der Regel Fachlehrkräfte, die in dem Fach ihrer Spezialisierung unterrichten. Sie erstellen Unterrichtspläne und -materialien, beobachten die Fortschritte der Schülerinnen und Schüler, bieten bei Bedarf ihre individuelle Hilfestellung und bewerten die Kenntnisse der Schülerinnen und Schüler anhand von Aufgaben, Tests und Prüfungen.",2
Geschäftsführer/in (KMU),1120,35,22,Verwaltung,160000,Tertiär,http://data.europa.eu/esco/occupation/4be4ea31-1211-4f0c-82bb-f6fe10791f4d,Geschäftsführer eines Flughafens/Geschäftsführerin eines Flughafens,"Geschäftsführer/Geschäftsführerinnen von Flughäfen leiten eine Gruppe von Flughafendirektoren/Flughafendirektorinnen, die für alle Bereiche des Flughafens zuständig sind. Sie planen die strategische Ausrichtung des Flughafens auf der Grundlage der Informationen ihres Managerteams.",2
Lastwagenfahrer/in,8332,35,2,Transport,62000,Sekundär II,http://data.europa.eu/esco/occupation/45037d43-a8f5-4f46-b332-b2935bc305f4,Lastkraftwagenfahrer/Lastkraftwagenfahrerin,Lastkraftwagenfahrer bedienen Fahrzeuge wie Lastkraftwagen und Lieferwagen. Sie können auch das Auf- und Abladen von Ladung übernehmen.,2
Pflegeassistent/in,5321,35,87,Gesundheit,55000,Sekundär II,http://data.europa.eu/esco/occupation/d38c2107-98f2-47b7-8bb4-f69750d51082,Pflegehelfer/Pflegehelferin,Pflegehelfer arbeiten im Team mit registrierten Krankenschwestern/Krankenpflegern in der Krankenpflege sowie der Pflege und Versorgung von Patienten aller Altersgruppen in allen Bereichen der Akut- und Erstversorgung.,2
Buchhalter/in,2411,32,57,Finanzen,98000,Tertiär,http://data.europa.eu/esco/occupation/eda0d957-3c3c-4139-b89a-a18bc9e18897,Controller/Controllerin,"Controller/Controllerinnen prüfen und analysieren Jahresabschlüsse, Budgets, Finanzberichte und Geschäftspläne auf fehlerbedingte oder betrügerische Unregelmäßigkeiten und beraten ihre Kunden zu Themen wie Finanzprognose und Risikoanalyse.  Sie können Finanzdaten prüfen, Insolvenzfälle verwalten, Steuererklärungen erstellen und in Bezug auf die geltenden Rechtsvorschriften weitere Steuerberatung anbieten.",2
Maurer/in EFZ,7112,30,2,Bau,72000,Sekundär II,http://data.europa.eu/esco/occupation/05f321f8-055b-407d-bf19-e0ddabda56b7,Maurer/Maurerin,"Maurer bauen Steinmauern und Steinbauten, indem sie die Steine in einem festen Muster aufeinanderschichten und sie mit einem Bindemittel wie Zement aneinanderfügen. Anschließend füllen sie die Fugen mit Mörtel oder anderen geeigneten Materialien.",2
Informatiker/in EFZ (Applikationsentwicklung),2512,30,12,ICT,105000,Sekundär II,http://data.europa.eu/esco/occupation/e3229e40-f571-4b26-baca-29edc8fe313e,Informatiker/Informatikerin,"Informatiker führen Forschungsarbeiten auf dem Gebiet der Computer- und Informationswissenschaft durch, um grundlegende Aspekte von IKT-Phänomenen besser zu verstehen. Sie verfassen Forschungsberichte und -vorschläge. Außerdem finden und entwickeln Informatiker neue Ansätze in der Computertechnologie, entdecken innovative Anwendungen für bestehende Technologien sowie Studien und lösen komplexe Probleme auf ihrem Gebiet.",1
Elektriker/in EFZ,7411,30,3,Bau,80000,Sekundär II,http://data.europa.eu/esco/occupation/33960bab-4423-4808-af6c-ec2b485dba41,Bauelektriker/Bauelektrikerin,"Bauelektriker installieren und warten Stromkabel und andere elektrische Infrastrukturen in Gebäuden. Sie stellen sicher, dass Elektroinstallationen isoliert sind und dass keine Brandgefahr von ihnen ausgeht. Sie führen Bestandsaufnahmen durch und nehmen auf Anforderung Verbesserungen vor.",2
Hochschuldozent/in,2310,30,37,Bildung,130000,Tertiär,http://data.europa.eu/esco/occupation/8b128a08-606f-4bb1-806e-07e0ed98b40e,Hochschullehrkraft für Raumfahrtforschung,"Hochschullehrkräfte für Raumfahrtforschung sind Professoren/Professorinnen, Lehrkräfte oder Dozenten/Dozentinnen, die Studierende mit einem Abschluss der Sekundarstufe II in ihrem eigenen Fachgebiet, der Raumfahrtforschung, unterrichten. Sie arbeiten mit ihren Forschungsassistenten/Forschungsassistentinnen und wissenschaftlichen Hilfskräften zusammen, um Lehrveranstaltungen und Prüfungen vorzubereiten, studentische Arbeiten zu benoten und Evaluierungsgespräche mit Studierenden zu führen. Zudem führen sie in ihrem Gebiet der Raumfahrtforschung Forschungsarbeiten durch, veröffentlichen die gewonnenen Erkenntnisse und tauschen sich mit Fachkollegen/-kolleginnen aus.",2
Spitex-Mitarbeiter/in,5322,30,89,Gesundheit,58000,Sekundär II,http://data.europa.eu/esco/occupation/d38c2107-98f2-47b7-8bb4-f69750d51082,Pflegehelfer/Pflegehelferin,Pflegehelfer arbeiten im Team mit registrierten Krankenschwestern/Krankenpflegern in der Krankenpflege sowie der Pflege und Versorgung von Patienten aller Altersgruppen in allen Bereichen der Akut- und Erstversorgung.,1
Projektleiter/in (allg.),2421,28,32,Verwaltung,120000,Tertiär,http://data.europa.eu/esco/occupation/de99886e-59e3-432d-ba53-9652dbe378d6,Programmfinanzierungsmanager/Programmfinanzierungsmanagerin,Programmfinanzierungsmanager/Programmfinanzierungsmanagerinnen übernehmen die Führungsrolle bei der Entwicklung und Umsetzung der Finanzierungsstrategie für die Programme einer Einrichtung.,1
Versicherungskaufmann/-frau,3312,28,50,Versicherungen,88000,Sekundär II,http://data.europa.eu/esco/occupation/a198de8c-24b1-4002-982f-a57ae6d6c19c,Versicherungsmakler/Versicherungsmaklerin,"Versicherungsmakler verkaufen Lebens-, Kranken-, Unfall-, Feuer- und andere Versicherungen an Einzelpersonen und Organisationen. Sie werben für diese Versicherungsprodukte und bieten Beratung dazu an. Außerdem sind sie als Mittler zwischen Einzelpersonen bzw. Organisationen und Versicherungsunternehmen tätig und handeln die besten Versicherungspolicen für ihre Kunden aus. Erforderlichenfalls schließen sie die Versicherung ab. Versicherungsmakler nehmen Kontakt mit neuen potenziellen Kunden auf und unterbreiten ihnen individuelle Angebote, unterstützen sie bei der Unterzeichnung neuer Versicherungsverträge und schlagen konkrete Lösungen für ihre spezifischen Probleme vor.",1
Koch/Köchin EFZ,3434,28,35,Gastgewerbe,58000,Sekundär II,http://data.europa.eu/esco/occupation/a256838b-0843-4ad2-a2fb-4531f94e63d8,Privatkoch/Privatköchin,"Privatköche bereiten unter Einhaltung von Lebensmittel- und Hygienevorschriften Mahlzeiten für ihre Arbeitgeber zu. Sie berücksichtigen die Unverträglichkeiten ihres Arbeitgebers in Bezug auf bestimmte Inhaltsstoffe und seine Vorlieben und kochen im Wohnhaus des Arbeitgebers. Bisweilen werden Privatköche auch aufgefordert, bei besonderen Anlässen gemeinschaftliche Abendessen oder andere Feierlichkeiten auszurichten.",2
Sozialarbeiter/in,2635,28,70,Soziales,88000,Tertiär,http://data.europa.eu/esco/occupation/4b05bef2-ded4-4b09-ab94-f4c6a555a775,Sozialarbeiter/Sozialarbeiterin,"Sozialarbeiter sind praxisorientierte Fachleute, die den sozialen Wandel und die soziale Entwicklung, den sozialen Zusammenhalt und die Teilhabe und Befreiung von Menschen fördern. Sie interagieren mit Einzelpersonen, Familien, Gruppen, Organisationen und Gemeinschaften, um verschiedene Arten von Therapien und Beratung, Gruppenarbeit und Gemeinschaftsarbeit zu ermöglichen. Sozialarbeiter leiten Menschen dabei an, Dienstleistungen wahrzunehmen, um Leistungen zu beantragen, Zugang zu Gemeinschaftsressourcen zu erhalten, Arbeits- und Ausbildungsplätze zu finden, Rechtsberatung einzuholen oder mit anderen örtlichen Behörden umzugehen.",2
Lagerist/in,4321,25,22,Transport,58000,Sekundär II,http://data.europa.eu/esco/occupation/d7a9f9e0-e2f5-4804-a0e0-b21ebb1403ee,Warenlagerverwalter/Warenlagerverwalterin,"Warenlagerverwalter verzeichnen den Bestand an Waren, die vor der Auslieferung an Geschäfte, Großhändler und Einzelkunden in Lagerhäusern aufbewahrt werden. Sie überprüfen das Inventar und erstellen dazu Unterlagen und Dokumente.",2
Arztpraxisassistent/in,3256,25,95,Gesundheit,60000,Sekundär II,http://data.europa.eu/esco/occupation/0c041d1e-1841-4acb-b0a1-2c387a61bf65,Medizinischer Fachangestellter/Medizinische Fachangestellte,"Medizinische Fachangestellte unterstützen Ärzte bei medizinischen Maßnahmen. Sie übernehmen einfache Unterstützungstätigkeiten bei medizinischen Verfahren, standardisierten Diagnoseprogrammen und standardisierten patientennahen Tests. Sie sorgen für Hygiene bei chirurgischen Eingriffen sowie für die Reinigung, Desinfektion, Sterilisation und Wartung von medizinischen Geräten. Außerdem erfüllen sie die organisatorischen und administrativen Aufgaben, die für den Betrieb einer Arztpraxis erforderlich sind. Sie arbeiten unter Aufsicht und gemäß den Anweisungen des Arztes.",2
Kinderbetreuerin/-betreuer,5311,25,93,Soziales,58000,Sekundär II,http://data.europa.eu/esco/occupation/3f74aad8-2d60-4be2-b059-8dba5568d530,Kinderbetreuer (Tagesbetreuung)/Kinderbetreuerin (Tagesbetreuung),"Kinderbetreuer (Tagesbetreuung) erbringen soziale Dienstleistungen für Kinder und ihre Familien, damit sie sich sozial und psychisch gut entwickeln. Durch die Betreuung der Kinder am Tag verbessern sie das Wohlbefinden der Familie.",2
Kassierer/in,5223,25,75,Detailhandel,48000,Sekundär II,http://data.europa.eu/esco/occupation/2b871272-bd61-4206-bd1a-0b96d7023098,Kassierer/Kassiererin,"Kassierer bedienen die Registrierkasse, nehmen Zahlungen von Kunden entgegen, stellen Kassenzettel aus und geben Wechselgeld heraus.",1
Sachbearbeiter/in Buchhaltung,4311,25,65,Finanzen,75000,Sekundär II,http://data.europa.eu/esco/occupation/ade351da-7bda-424e-8682-bbdcab2a25be,Lohn- und Gehaltsbuchhalter/Lohn- und Gehaltsbuchhalterin,"Lohn- und Gehaltsbuchhalter verwalten die Arbeitszeitnachweise und die Lohn- und Gehaltszahlungen an die Mitarbeiter. Sie stellen sicher, dass diesbezügliche Informationen richtig sind. Lohn- und Gehaltsbuchhalter überprüfen Überstunden, Krankheitstage und Urlaub. Sie sorgen für die Auszahlung der Löhne und Gehälter.",1
Landwirt/in EFZ,6111,25,18,Landwirtschaft,52000,Sekundär II,http://data.europa.eu/esco/occupation/1c1e86f9-6347-42d6-aa6e-c95b138bf640,Landwirt/Landwirtin,Landwirte betreiben kleine Unternehmen oder sind Selbstversorger. Sie kümmern sich um alle Aspekte der Viehhaltung und des Pflanzenanbaus.,1
Sozialpädagoge/-pädagogin,2635,22,65,Soziales,82000,Tertiär,http://data.europa.eu/esco/occupation/fa4a3b52-990c-44eb-a912-490f5d689400,Sozialpädagoge/Sozialpädagogin,"Sozialpädagogen bieten Kindern und jungen Menschen mit unterschiedlichem Hintergrund oder unterschiedlichen Fähigkeiten Betreuung, Unterstützung und Bildung. Sie konzipieren Bildungsprozesse, bei denen die jungen Menschen selbst Verantwortung übernehmen müssen. Dabei verfolgen sie einen multidisziplinären Ansatz, der auf die Lernerfahrung ausgerichtet ist. Sozialpädagogen tragen zum Lernen, zum Wohlergehen und zur gesellschaftlichen Eingliederung von Menschen bei und legen Wert auf die Förderung ihrer Eigenständigkeit.",2
Arzt/Ärztin (Allgemeinmedizin),2211,22,47,Gesundheit,165000,Tertiär,http://data.europa.eu/esco/occupation/71f09c8b-a172-408c-b9e7-32e580e39ff6,Arzt für Allgemeinmedizin/Ärztin für Allgemeinmedizin,"Ärzte für Allgemeinmedizin/Ärztinnen für Allgemeinmedizin fördern die Gesundheit, beugen gesundheitlichen Beschwerden vor, identifizieren gesundheitliche Beschwerden, diagnostizieren und behandeln Erkrankungen und fördern die Genesung körperlicher und psychischer Krankheiten und Störungen aller Art, unabhängig vom Alter, dem Geschlecht oder den Beschwerden der Betroffenen.",2
Systemadministrator/in,2522,22,12,ICT,110000,Tertiär,http://data.europa.eu/esco/occupation/9e2e6e1e-363b-4e1b-a673-7bc0f7343300,IT-Systemadministrator/IT-Systemadministratorin,"IT-Systemadministratoren sind für die Wartung, Konfiguration und den zuverlässigen Betrieb von Computer- und Netzwerksystemen, Servern, Computerarbeitsplätzen und Peripheriegeräten zuständig. Bisweilen beschaffen, installieren oder aktualisieren sie Computerkomponenten und Software, automatisieren Routineaufgaben und schreiben Computerprogramme. Sie gewährleisten eine optimale Integrität, Sicherheit, Sicherung und Leistung des Systems.",2
Polymechaniker/in EFZ,7223,22,5,Industrie,78000,Sekundär II,http://data.europa.eu/esco/occupation/5d46e448-b6bb-48e5-b245-5aad68e06085,Brennschneider/Brennschneiderin,"Brennschneider übernehmen die Einrichtung und Bedienung von Maschinen, die dafür konstruiert sind, überschüssiges Material von einem Metallwerkstück mit einem Brenner zu entfernen bzw. zu verbrennen. Dabei wird das Material bis zu seiner Entzündungstemperatur erhitzt und dann infolge einer Reaktion mit einem Sauerstoffstrom in ein Metalloxid umgewandelt, das als Schlacke aus der Fuge im Werkstück abfließt.",2
Projektleiter/in (Technik),2149,22,18,Industrie,125000,Tertiär,http://data.europa.eu/esco/occupation/351a0eb0-a1d0-49bd-a2f8-6dc447ddf316,Umweltprojektleiter im Pipelinebereich/Umweltprojektleiterin im Pipelinebereich,"Umweltprojektleiter im Pipelinebereich/Umweltprojektleiterinnen im Pipelinebereich sorgen bei Pipelineprojekten für den Umweltschutz. Gemeinsam mit einer Gruppe von Führungskräften und Fachleuten analysieren sie die Standorte und den Verlauf der Pipelines, um zu relevanten Umweltfragen zu beraten.",1
Restaurantfachmann/-frau EFZ,5131,22,62,Gastgewerbe,52000,Sekundär II,http://data.europa.eu/esco/occupation/d5db9d5c-2ebf-4a54-a79a-1b7e7ff70471,Kellner/Kellnerin,"Kellner bringen Gästen die gewünschten Speisen und Getränke. Sie arbeiten in der Regel in Restaurants, Bars und Hotels. Zu ihrer Arbeit gehört das Eindecken der Tische, das Servieren von Speisen und Getränken sowie die Entgegennahme der Bezahlung.",2
Kindergärtnerin/-gärtner,2342,22,96,Bildung,95000,Tertiär,http://data.europa.eu/esco/occupation/976cbfcc-8958-4800-a435-71d15405a42a,Sonderpädagoge/Sonderpädagogin,"Sonderpädagogen/Sonderpädagoginnen arbeiten mit Kindern, jungen Menschen und Erwachsenen, die eine geistige oder körperlichen Behinderung haben. Sie setzen eine Reihe spezieller Konzepte, Strategien und Hilfsmittel ein, um die Kommunikation, Mobilität, Autonomie und soziale Integration der Lernenden zu optimieren. Sie wählen Lehrmethoden und Unterstützungsressourcen so aus, dass den einzelnen Lernenden die Möglichkeit gegeben wird, ihr Potenzial für eine eigenständige Lebensführung voll auszuschöpfen.",1
Küchenhilfe,9412,20,60,Gastgewerbe,44000,Keine Ausbildung,http://data.europa.eu/esco/occupation/e1cf6897-158d-4b48-a39e-2a3a8cac216c,Küchenhilfe,Küchenhilfen unterstützen bei der Zubereitung von Speisen und der Reinigung des Küchenbereichs.,2
Logistiker/in EFZ,3331,20,25,Transport,65000,Sekundär II,http://data.europa.eu/esco/occupation/e40e4a07-4246-4c6f-a51c-89d35b6fe75e,Abfallmakler/Abfallmaklerin,"Abfallmakler fungieren als Vermittler zwischen Kunden und Unternehmen der Abfallbewirtschaftung. Sie stellen sicher, dass die Abfälle von einem spezialisierten professionellen Kunden abgeholt und in eine Abfallbewirtschaftungsanlage verbracht werden, um verarbeitet zu werden.",1
Treuhänder/in,2412,20,48,Finanzen,105000,Tertiär,http://data.europa.eu/esco/occupation/7284ccbf-e2fd-4e2f-8bbf-bc54eab610d5,Privater Vermögensverwalter/private Vermögensverwalterin,"Private Vermögensverwalter/private Vermögensverwalterinnen überwachen und verwalten Privatvermögen. Sie legen die vermögensbezogenen und testamentarischen Unterlagen entsprechend aus und tauschen sich mit Finanzberatern/-beraterinnen aus, um das Anlageziel im Einklang mit den Vermögenszielen festzulegen, stimmen den Wertpapierkauf und -verkauf mit Kontoführern/-führerinnen ab und prüfen die Kundenkonten regelmäßig.",2
Rechtsanwalt/-anwältin,2611,20,35,Recht,155000,Tertiär,http://data.europa.eu/esco/occupation/974d4eab-fbee-4c52-b16e-73bdd8c25b53,Rechtsanwalt/Rechtsanwältin,"Rechtsanwälte bieten ihren Mandanten Rechtsberatung und vertreten sie in Gerichtsverfahren im Einklang mit dem Gesetz. Sie vertreten ihre Mandaten in verschiedenen Situationen, beispielsweise vor Gerichten, Gremien oder Behörden, und recherchieren, interpretieren und studieren Rechtssachen. Im Namen ihrer Mandanten entwickeln sie in unterschiedlichen Kontexten Argumentationen für Gerichtsverfahren, um Rechtsmittel geltend zu machen.",2
Maschinenbauingenieur/in,2144,20,12,Industrie,120000,Tertiär,http://data.europa.eu/esco/occupation/579254cf-6d69-4889-9000-9c79dc568644,Maschinenbauingenieur/Maschinenbauingenieurin,"Maschinenbauingenieure/Maschinenbauingenieurinnen planen und entwerfen mechanische Produkte und Systeme und überwachen die Herstellung, den Betrieb, die Anwendung, den Einbau und die Reparatur von Systemen und Produkten. Sie recherchieren und analysieren Daten.",2
Controller/in,2411,20,42,Finanzen,110000,Tertiär,http://data.europa.eu/esco/occupation/5e5b1b61-1351-4d3b-a293-deb3661715dd,Finanzcontroller/Finanzcontrollerin,"Finanzcontroller/Finanzcontrollerinnen nehmen alle Aufgaben im Zusammenhang mit dem Budget und der Rechnungslegung eines Unternehmens oder einer Organisation wahr. Sie setzen interne Finanz- und Rechnungslegungsverfahren um und stellen deren Einhaltung sicher. Zudem erstellen sie Unterlagen für externe Prüfungen. Sie erheben Informationen im Zusammenhang mit Jahresabschlüssen wie Aktiva, Passiva, Eigenkapital und Cashflow, um die Finanzlage des Unternehmens für die Aufstellung des Jahresbudgets und für Finanzprognosen zu beurteilen.",2
Lieferwagenfahrer/in,8322,18,5,Transport,55000,Sekundär II,http://data.europa.eu/esco/occupation/0c408028-c48f-4df8-ba5d-c3d3be15f5a2,Lieferfahrer/Lieferfahrerin,"Lieferfahrer befördern Güter und Pakete mit Motorrädern, Pkw oder Kleintransportern an bestimmte Orte. Sie laden und entladen die Güter planmäßig, sorgen für eine ordnungsgemäße Behandlung der Pakete, befolgen Anweisungen und planen die beste Route für jeden Bestimmungsort.",2
Sachbearbeiter/in HR,4416,18,72,Verwaltung,82000,Sekundär II,http://data.europa.eu/esco/occupation/d8ed1703-9c03-4ea0-83cc-b6169bc54ffd,Personalsachbearbeiter/Personalsachbearbeiterin,"Personalsachbearbeiter unterstützen Personalmanager bei allen Prozessen und Tätigkeiten. Sie helfen bei der Vorbereitung von Einstellungsverfahren, indem sie die eingegangenen Lebensläufe scannen und die Auswahl auf die am besten geeigneten Kandidaten beschränken. Sie erledigen Verwaltungsaufgaben, bereiten Mitteilungen und Schreiben vor und führen die Auswertung der Erhebungen und Bewertungen durch die Abteilung durch.",2
Unternehmensberater/in,2421,18,35,Beratung,140000,Tertiär,http://data.europa.eu/esco/occupation/6a29d804-f775-446c-bec7-35fc4e28ac97,Unternehmensberater/Unternehmensberaterin,"Unternehmensberater analysieren die Lage, die Struktur und die Prozesse von Unternehmen und bieten Dienste oder Beratung zu deren Verbesserung an. Sie stellen fest, ob die Geschäftsprozesse z. B. im Hinblick auf die finanzielle Effizienz oder die Mitarbeiterführung Mängel aufweisen, und entwickeln strategische Pläne, um diese Schwierigkeiten zu überwinden. Sie arbeiten in externen Beratungsunternehmen, um eine objektive Sicht auf die Geschäftstätigkeit und die Struktur eines Unternehmens und seine methodischen Prozesse zu bieten.",2
Coiffeur/Coiffeuse EFZ,5141,18,88,Dienstleistungen,48000,Sekundär II,http://data.europa.eu/esco/occupation/099c6bb0-22d3-4c5d-8bf5-70910af381ef,Friseur/Friseurin,"Friseure bieten Dienstleistungen im Bereich Schönheitspflege an, beispielsweise das Schneiden, Färben und Frisieren von Haaren oder Dauerwellenbehandlungen. Sie befragen die Kunden zu ihren Frisurwünschen, um sie individuell zu bedienen. Friseure verwenden Haarschneidemaschinen, Scheren und Rasierapparate. Sie bieten Haar- und Kopfhautbehandlungen und behandeln das Haar mit Shampoo, Pflegeprodukten und Spülungen.",2
Physiotherapeut/in,2264,18,75,Gesundheit,78000,Tertiär,http://data.europa.eu/esco/occupation/006cc1f9-2841-41c3-991a-dc3f2f3bd533,Physiotherapeut/Physiotherapeutin,"Physiotherapeuten/Physiotherapeutinnen sind selbstständige Angehörige von Gesundheitsberufen, die auf der Grundlage evidenzbasierter praktischer Erkenntnisse für die Entwicklung, Aufrechterhaltung oder Wiederherstellung motorischer Funktionen und Bewegungen zuständig sind. Sie lindern Schmerzen und behandeln oder verhindern körperliche Leiden im Zusammenhang mit Verletzungen, Krankheiten oder sonstigen Beeinträchtigungen. Physiotherapeuten/Physiotherapeutinnen können Patienten/Patientinnen und ihre Betreuer/Betreuerinnen in die Lage versetzen, die Beschwerden ohne klinische Behandlungsmaßnahmen zu lindern. Sie arbeiten in ihrem Fachgebiet und entsprechend ihrem Verhaltenskodex. ",2
Architekt/in,2161,18,38,Bau,110000,Tertiär,http://data.europa.eu/esco/occupation/8c3f536e-ba66-4321-ba40-363dc39f129b,Architekt/Architektin,"Architekten/Architektinnen untersuchen, entwerfen und beaufsichtigen den Bau und die Entwicklung von Gebäuden, städtischen Räumen, Infrastrukturprojekten und sozialen Räumen. Bei ihren Entwürfen berücksichtigen sie die Umgebung und die lokal geltenden Rechtsvorschriften sowie verschiedene Faktoren, z. B. Funktionalität, Ästhetik, Kosten, öffentliche Gesundheit und Sicherheit. Sie kennen soziale Kontexte und Umweltfaktoren, zu denen auch die Beziehungen zwischen Menschen und Gebäuden und zwischen Gebäuden und der Umwelt gehören. Sie beteiligen sich an multidisziplinären Projekten, die auf die Entwicklung des sozialen Gefüges eines geografischen Gebiets und die Förderung von Projekten der sozialen Stadtentwicklung ausgerichtet sind. ",2
Polizist/in,3355,18,22,Öff. Verwaltung,95000,Sekundär II,http://data.europa.eu/esco/occupation/6296faea-1909-4943-b0e0-662b43ad855d,Grenzschutzbeamter/Grenzschutzbeamtin,"Grenzschutzbeamte überwachen, ob Personen zur Einreise berechtigt sind oder ob Lebensmittel, elektronische Geräte und Waren mit den erforderlichen Genehmigungen über eine Eingangsstelle in ein Land gebracht werden. Sie verwenden Überwachungsmethoden und überprüfen Identitätspapiere und Dokumente, um die Einhaltung der Einreise- bzw. Einfuhrkriterien und der Zollvorschriften zu gewährleisten. Bisweilen befragen sie auch potenzielle Einwanderer, um deren Einreiseberechtigung zu überprüfen, und kontrollieren Ladungen, um Rechtsverstöße zu erkennen und aufzudecken.",1
Produktionsmitarbeiter/in (Pharma),8211,18,42,Industrie,68000,Sekundär II,http://data.europa.eu/esco/occupation/be0e6189-46a5-4b90-8622-2d1988efba1a,Maschinenmonteur/Maschinenmonteurin,"Maschinenmonteure fertigen industrielle Geräte, wie Industrieroboter, Maschinen für Montagelinien und Etikettierungsmaschinen. Sie verwenden Handwerkzeuge und computergesteuerte Maschinen.",2
Finanzanalyst/in,2413,18,33,Finanzen,140000,Tertiär,http://data.europa.eu/esco/occupation/8d586ee9-0ab1-4155-a3b0-2ca786c8e48c,Finanzanalyst/Finanzanalystin,"Finanzanalysten führen wirtschaftliche Recherchen durch und erstellen aussagekräftige Analysen zu Finanzthemen wie Rentabilität, Liquidität, Solvenz und Vermögensverwaltung. Sie geben Empfehlungen zu Finanzfragen ab, um Entscheidungsprozesse zu unterstützen. Finanzanalysten arbeiten sowohl im öffentlichen als auch im privaten Sektor.",2
Zimmermann/-frau EFZ,7115,18,2,Bau,76000,Sekundär II,http://data.europa.eu/esco/occupation/2a22ff9e-de3b-408d-b312-5034896cc4f4,Zimmerer/Zimmerin,"Zimmerer sägen, formen und montieren Holzelemente für Gebäude und andere Bauwerken. Sie verwenden für ihre Arbeit auch Materialien wie Kunststoffe und Metalle. Zimmerer fertigen die Rahmen für nach der Holrahmenbauweise errichtete Häuser.",2
IT-Projektleiter/in,2511,18,18,ICT,130000,Tertiär,http://data.europa.eu/esco/occupation/22987b58-dbfa-4ecd-ae3f-82dd209255f6,Green-IT-Berater/Green-IT-Beraterin,"Green-IT-Berater bieten Beratung über eine umweltfreundliche IT-Strategie und deren möglichst wirksame und effiziente Umsetzung, damit Organisationen im IT-Bereich ihre kurz-, mittel- und langfristigen Umweltziele erreichen können.",2
Servicemitarbeiter/in,5131,18,58,Gastgewerbe,48000,Sekundär II,http://data.europa.eu/esco/occupation/9653fb92-ad48-4865-a471-f270302fa93b,Reiseberater der Bahn/Reiseberaterin der Bahn,"Reiseberater der Bahn kümmern sich um Kunden am Bahnhof, beantworten ihre Fragen und reagieren schnell und sicher auf unerwartete Situationen. Sie erteilen Auskünfte, leisten Mobilitätshilfe und sorgen für Sicherheit in Bahnhöfen. Sie geben präzise und aktuelle Auskünfte über Ankunfts- und Abfahrtszeiten sowie Zugverbindungen und helfen den Kunden bei der Reiseplanung.",1
Gymnasiallehrer/in,2330,18,46,Bildung,120000,Tertiär,http://data.europa.eu/esco/occupation/5efb2c08-ba3a-4659-a2e4-1883f54e77b6,Lehrkraft Sekundarstufe,"Lehrkräfte Sekundarstufe unterrichten Schülerinnen und Schüler, in der Regel Kinder und junge Erwachsene, in einer Schule des Sekundarbereichs. Sie sind in der Regel Fachlehrkräfte, die in dem Fach ihrer Spezialisierung unterrichten. Sie erstellen Unterrichtspläne und -materialien, beobachten die Fortschritte der Schülerinnen und Schüler, bieten bei Bedarf ihre individuelle Hilfestellung und bewerten die Kenntnisse der Schülerinnen und Schüler anhand von Aufgaben, Tests und Prüfungen.",2
Filialleiter/in (Detailhandel),1420,15,55,Detailhandel,78000,Sekundär II,http://data.europa.eu/esco/occupation/f07aab15-c7e8-49a4-a8dd-221d9cf3a925,fuel station manager,Tankstellenleiter/Tankstellenleiterinnen sind in Tankstellen für die Betriebsabläufe und das Personal zuständig.,2
Vermögensverwalter/in / Wealth Manager,2413,15,28,Finanzen,180000,Tertiär,http://data.europa.eu/esco/occupation/de80bbf0-447d-4a6a-845a-fdba4e0dc30c,Brand Manager/Brand Managerin,Brand Manager analysieren und planen die Positionierung einer Marke auf dem Markt.,1
Elektroingenieur/in,2151,15,10,Industrie,122000,Tertiär,http://data.europa.eu/esco/occupation/e69697d0-2639-4aad-b73a-05e0b98357b1,Elektroingenieur Bergbau/Elektroingenieurin Bergbau,"Elektroingenieure Bergbau/Elektroingenieurinnen Bergbau beaufsichtigen die Beschaffung, Installation und Instandhaltung von elektrischen Bergbaugeräten mithilfe ihrer Elektrik- und Elektronikkenntnisse. Sie organisieren den Austausch und die Reparatur von elektrischen Geräten und Bauteilen.",2
ICT-Supporter/in,3512,15,15,ICT,80000,Sekundär II,http://data.europa.eu/esco/occupation/aaeec9a7-dc57-4485-890c-86b3eef735f9,IT-Helpdesk-Manager/IT-Helpdesk-Managerin,"IKT-Helpdesk-Manager bieten Computeranwendern technische Unterstützung, beantworten Fragen oder lösen Computerprobleme für Kunden per Telefon oder auf elektronischem Wege. Sie leisten Hilfe in Bezug auf die Nutzung von Computerhardware und -software.",2
Gärtner/in EFZ,6113,15,35,Landwirtschaft,56000,Sekundär II,http://data.europa.eu/esco/occupation/e7970c7a-7769-4002-87d3-0a8ea94fdd6f,Landschaftsgärtner/Landschaftsgärtnerin,"Landschaftsgärtner übernehmen die Planung, das Anlegen, die Sanierung und die Erhaltung von Parks, Gärten und öffentlichen Grünflächen.",2
ÖV-Fahrer/in (Bus/Tram),8331,15,12,Transport,65000,Sekundär II,http://data.europa.eu/esco/occupation/3a15ec1b-9250-41a0-9344-feb2956481b7,Oberleitungsbusfahrer/Oberleitungsbusfahrerin,"Oberleitungsbusfahrer bedienen Oberleitungsbusse oder Linienbusse, nehmen Fahrpreise ein und betreuen Fahrgäste.",2
Sanitärinstallateur/in EFZ,7126,15,2,Bau,78000,Sekundär II,http://data.europa.eu/esco/occupation/461959ed-6a80-4c33-a75e-26aaeb52a5a7,Abwasserleitungsinstallateur/Abwasserleitungsinstallateurin,"Abwasserleitungsinstallateure installieren und warten Rohrleitungen, Ventile und andere Elemente, die in Abwassersystemen verwendet werden. Sie analysieren die Bauweise und sorgen dafür, dass das Abwassersystem ordnungsgemäß installiert wird. Außerdem führen sie Wartungs- und Reparaturarbeiten aus.",2
Maschinenführer/in,8211,15,15,Industrie,62000,Sekundär II,http://data.europa.eu/esco/occupation/be0e6189-46a5-4b90-8622-2d1988efba1a,Maschinenmonteur/Maschinenmonteurin,"Maschinenmonteure fertigen industrielle Geräte, wie Industrieroboter, Maschinen für Montagelinien und Etikettierungsmaschinen. Sie verwenden Handwerkzeuge und computergesteuerte Maschinen.",2
Berufsschullehrer/in,2320,15,35,Bildung,115000,Tertiär,http://data.europa.eu/esco/occupation/81f8d141-3f67-4fb0-a349-db0147ef7b3a,Lehrkraft im Bereich Berufsbildung,"Lehrkräfte im Bereich Berufsbildung unterrichten Schülerinnen/Schüler in ihrem Fachgebiet, was überwiegend praktischer Natur ist. Sie vermitteln theoretische Kenntnisse, um die praktischen Fertigkeiten und Techniken zu fördern, die die Schüler/Schülerinnen später beherrschen müssen, um in einem Beruf der von ihnen gewählten Fachrichtung zu arbeiten, und fördern die die Entwicklung der entsprechenden Einstellungen und Werte. Lehrkräfte im Bereich Berufsbildung überwachen die Fortschritte der Schülerinnen und Schüler, helfen bei Bedarf individuell und bewerten ihr Wissen und ihre Leistungen mithilfe von Aufgaben, Tests und Prüfungen.",2
Posthalter/in / Logistiker/in Post,4415,15,42,Transport,68000,Sekundär II,http://data.europa.eu/esco/occupation/511f366c-ba41-4826-9622-8cda6d6e3b91,Postabfertiger/Postabfertigerin,"Postabfertiger übernahmen das Sortieren, Erfassen und andere Aufgaben in Verbindung mit Postdiensten von Postämtern oder verwandten Organisationen. Sie führen Aufzeichnungen über die ein- und ausgehenden Versandstücke und Briefe.",1
Apotheker/in,2262,14,72,Gesundheit,110000,Tertiär,http://data.europa.eu/esco/occupation/7c132147-428b-4ea3-87e1-70f7abb691ce,Apotheker/Apothekerin,"Apotheker/Apothekerinnen bereiten Arzneimittel zu, geben Arzneimittel ab und verkaufen frei erhältliche Arzneimittel. Sie bieten klinische Informationen über Arzneimittel, berichten über vermutete Nebenwirkungen und bieten Patientinnen/Patienten personalisierte Unterstützung. Apotheker/Apothekerinnen formulieren und testen Arzneimittel in Laboren, lagern sie, konservieren sie und geben sie ab.",2
Bauingenieur/in,2142,14,18,Bau,115000,Tertiär,http://data.europa.eu/esco/occupation/d7d986e1-7333-431b-9719-0c5c6939e360,Bauingenieur/Bauingenieurin,,2
Zahnarzt/-ärztin,2261,12,48,Gesundheit,160000,Tertiär,http://data.europa.eu/esco/occupation/e52b5707-7097-4dbc-ac61-054e917da241,Zahnarzt/Zahnärztin,"Zahnärzte/Zahnärztinnen verhindern, diagnostizieren und behandeln Anomalien und Erkrankungen der Zähne, des Mundes, des Kiefers und der angrenzenden Gewebe.",2
Sicherheitsbeauftragter/-beauftragte,5414,12,15,Sicherheit,65000,Sekundär II,http://data.europa.eu/esco/occupation/ebb4061a-906f-45fe-b4c0-a871c11f6fab,Sicherheitsbeauftragter des Beherbergungsbetriebs/Sicherheitsbeauftragte des Beherbergungsbetriebs,Sicherheitsbeauftragte des Beherbergungsbetriebs sind für die Steuerung und Umsetzung der gesamten Sicherheit in Beherbergungsbetrieben zuständig. Dies betrifft die Sicherheit sowohl von Habseligkeiten als auch von Personen und Gebäuden.,2
Steuerberater/in,2412,12,42,Finanzen,120000,Tertiär,http://data.europa.eu/esco/occupation/59c22779-4d89-4bc9-ba8b-d64bea236723,Steuerberater/Steuerberaterin,"Steuerberater/Steuerberaterinnen nutzen ihr Fachwissen im Steuerrecht, um gewerblich ausgerichtete Beratungsdienstleistungen für verschiedenste Kunden aus allen Branchen zu erbringen. Sie erläutern komplizierte steuerrechtliche Vorschriften und unterstützen ihre Kunden dabei, ihre Steuern so effizient und vorteilhaftest wie möglich zu begleichen, indem sie steuerlich vorteilhafte Strategien erarbeiten. Sie informieren ihre Kunden zudem über steuerrechtliche Änderungen und Entwicklungen. Sie können sich auf Steuerstrategien für Fusionen und grenzüberschreitende Systeme für Geschäftskunden spezialisieren, oder auch auf Steuern bei Treuhandverhältnissen und Erbschaften.",1
Naturwissenschaftler/in (Biologie/Chemie),2113,12,45,Industrie,105000,Tertiär,http://data.europa.eu/esco/occupation/949ed945-f697-415e-b4c5-51d8abf7cfdf,Ingenieur für Nanotechnologie/Ingenieurin für Nanotechnologie,"Ingenieure für Nanotechnologie/Ingenieurinnen für Nanotechnologie vereinen wissenschaftliche Kenntnisse atomarer und molekularer Partikel mit Grundsätzen der Ingenieurwissenschaften, um sie in verschiedenste Bereiche einzubringen. Sie wenden u. a. Erkenntnisse aus Chemie, Biologie und Werkstofftechnik an. Sie nutzen technologische Kenntnisse für die Verbesserung bestehender Anwendungen oder die Schaffung von Mikroobjekten.",1
Psychologe/-pädagogin,2634,12,72,Gesundheit,90000,Tertiär,http://data.europa.eu/esco/occupation/52ded7d7-11df-42e3-b90a-d7f4b70fb4b9,Psychologe/Psychologin,"Psychologen untersuchen das Verhalten und die mentalen Prozesse beim Menschen. Sie bieten Dienstleistungen für Kunden an, die unter psychischen Problemen und schwierigen Lebenssituationen leiden, z. B. Trauer um einen Verstorbenen, Beziehungsschwierigkeiten, häusliche Gewalt und sexueller Missbrauch. Sie bieten auch Beratung für psychische Erkrankungen wie Essstörungen, posttraumatische Belastungsstörungen und Psychosen an, um den Patienten zu helfen, sich zu erholen und ein gesundes Verhalten zu erlangen.",2
Immobilienbewirtschafter/in,3334,12,45,Immobilien,88000,Sekundär II,http://data.europa.eu/esco/occupation/e40e4a07-4246-4c6f-a51c-89d35b6fe75e,Abfallmakler/Abfallmaklerin,"Abfallmakler fungieren als Vermittler zwischen Kunden und Unternehmen der Abfallbewirtschaftung. Sie stellen sicher, dass die Abfälle von einem spezialisierten professionellen Kunden abgeholt und in eine Abfallbewirtschaftungsanlage verbracht werden, um verarbeitet zu werden.",1
HR-Manager/in,1212,12,68,Verwaltung,115000,Tertiär,http://data.europa.eu/esco/occupation/dab60fc6-c16e-4de7-b969-b323784f5a49,Warengruppenmanager/Warengruppenmanagerin,Warengruppenmanager/Warengruppenmanagerinnen definieren das Verkaufsprogramm für bestimmte Produktgruppen. Sie erforschen die Nachfrage auf dem Markt und neu gelieferte Produkte.,1
Datenwissenschaftler/in / Data Scientist,2514,12,22,ICT,135000,Tertiär,http://data.europa.eu/esco/occupation/258e46f9-0075-4a2e-adae-1ff0477e0f30,Datenwissenschaftler/Datenwissenschaftlerin,"Datenwissenschaftler finden und interpretieren reichhaltige Datenquellen, verwalten große Datenmengen, führen Datenquellen zusammen, sorgen für die Konsistenz der Datensätze und erstellen Visualisierungen, um die Daten zu veranschaulichen. Sie erstellen anhand der Daten mathematische Modelle, präsentieren und vermitteln datenbezogene Erkenntnisse an Experten und Wissenschaftler in ihrem Team sowie ggf. an eine nicht fachkundige Öffentlichkeit und geben Empfehlungen zur Verwendung der Daten ab.",1
Hotelfachmann/-frau EFZ,5131,12,65,Gastgewerbe,58000,Sekundär II,http://data.europa.eu/esco/occupation/e65a9b0e-7347-4f6e-945e-aaeee976ef6e,Hoteldiener/Hoteldienerin,"Hoteldiener erbringen individuelle Dienstleistungen für Gäste im gehobenen Hotel- und Gastgewerbe. Sie leiten das Hauspersonal an, um eine saubere Inneneinrichtung und einen hervorragenden Kundendienst zu gewährleisten. Hoteldiener sind für das allgemeine Wohlbefinden und die Zufriedenheit der Gäste verantwortlich.",1
Qualitätsmanager/in,2146,12,35,Industrie,110000,Tertiär,http://data.europa.eu/esco/occupation/52df9d56-efd4-48d0-ad93-59231943fc4c,3D-Animationstechniker/3D-Animationstechnikerin,"3D-Animationstechniker/3D-Animationstechnikerinnen sind für die Animation von 3D-Modellen von Gegenständen, virtuellen Umgebungen, Anlagen und Figuren und von Software-Agenten in 3D zuständig.",1
Maler/in und Gipser/in EFZ,7131,12,5,Bau,68000,Sekundär II,http://data.europa.eu/esco/occupation/15620506-fb5d-49cd-87a2-1c9047fb406a,Maler/Malerin,"Maler streichen die Innen- und Außenwände von Gebäuden und anderen Bauwerken an. Dabei verwenden sie Standardfarben auf Latexbasis oder Spezialfarben, um Schutz- und Verschönerungswirkungen zu erzielen. Maler sind für verschiedene Anwendungen von Bürsten, Farbrollern und Farbspritzgeräten ausgebildet.",2
Automatiker/in EFZ,3115,12,5,Industrie,82000,Sekundär II,http://data.europa.eu/esco/occupation/4cf7be91-fed9-47a7-9ca9-e74c7eb6becb,3D-Druck-Techniker/3D-Druck-Technikerin,"3D-Druck-Techniker wirken unterstützend an den Entwurfs- und Programmierungsprozessen für Produkte aller Art mit, von Prothesen bis hin zu 3D-Modellen. Außerdem warten sie bisweilen 3D-Drucker, prüfen 3D-Drucke für Kunden und führen Testläufe durch. 3D-Drucker-Techniker können 3D-Drucker auch reparieren, instand halten und reinigen.",1
Zugbegleiter/in / Lokführer/in,8311,12,18,Transport,80000,Sekundär II,http://data.europa.eu/esco/occupation/a2fa73d0-7e51-456f-95c6-90f126f52ab8,Fahrdienstleiter/Fahrdienstleiterin,"Fahrdienstleiter gewährleisten die sichere und effiziente Erbringung von Zugdiensten. Die Sicherheit der Kunden ist ihre oberste Priorität. Bei der Durchführung ihrer Pflichten als Fahrdienstleiter überprüfen sie die Verkehrssignale und kommunizieren umgehend mit den Schienenfahrzeugführern und den Zugbegleitern, um sicherzustellen, dass das Bewegen des Zuges sicher ist.",1
Bauführer/in,3123,10,8,Bau,105000,Tertiär,http://data.europa.eu/esco/occupation/4cf7be91-fed9-47a7-9ca9-e74c7eb6becb,3D-Druck-Techniker/3D-Druck-Technikerin,"3D-Druck-Techniker wirken unterstützend an den Entwurfs- und Programmierungsprozessen für Produkte aller Art mit, von Prothesen bis hin zu 3D-Modellen. Außerdem warten sie bisweilen 3D-Drucker, prüfen 3D-Drucke für Kunden und führen Testläufe durch. 3D-Drucker-Techniker können 3D-Drucker auch reparieren, instand halten und reinigen.",1
Versicherungsexperte/-expertin,2422,10,38,Versicherungen,115000,Tertiär,http://data.europa.eu/esco/occupation/e16c2422-1323-4d8a-bd0f-c7584de70be1,Spezialist für Preiskalkulation/Spezialistin für Preiskalkulation,"Spezialisten für Preiskalkulation analysieren die Herstellungskosten, die Markttrends und die Wettbewerber, um unter Berücksichtigung von Marken- und Marketingkonzepten den richtigen Preis zu ermitteln.",1
Chemieingenieur/in / Verfahrenstechniker/in,2145,10,25,Industrie,118000,Tertiär,http://data.europa.eu/esco/occupation/ec21ce88-ce14-49b6-be0a-cc53cf5a3a67,Chemieingenieur/Chemieingenieurin,"Chemieingenieure/Chemieingenieurinnen entwerfen und entwickeln chemische und physikalische Großmengen-Herstellungsverfahren und sind in den gesamten industriellen Prozess eingebunden, der für die Umwandlung von Rohstoffen in Produkte erforderlich ist.",2
Grafiker/in,2166,10,45,Medien,80000,Tertiär,http://data.europa.eu/esco/occupation/ad8ab454-b506-46a5-afd3-66bbffd54115,Kartograf/Kartografin,"Kartografen /Kartografinnen erstellen Karten durch die Zusammenführung verschiedener wissenschaftlicher Informationen, die vom Zweck der Karte abhängen (z. B. topografische Karten, Stadtpläne oder politische Karten). Sie kombinieren die Auslegung mathematischer Vermerke und Messungen mit der ästhetischen und visuellen Darstellung des Standorts für die Kartenerstellung. Sie können ferner an der Entwicklung und Verbesserung geografischer Informationssysteme arbeiten und wissenschaftliche Forschung auf dem Gebiet der Kartografie durchführen.",1
Hauswirtschaftler/in EFZ,5131,10,92,Dienstleistungen,52000,Sekundär II,http://data.europa.eu/esco/occupation/fae51298-03a8-4df4-829a-685dddc1580e,Leitender Hauswirtschafter/Leitende Hauswirtschafterin,Leitende Hauswirtschafter sind für die Überwachung und Koordinierung des täglichen Betriebs von Reinigungs- und Haushaltsdiensten im Gastgewerbe zuständig.,1
Chemielaborant/in EFZ,3113,10,45,Industrie,78000,Sekundär II,http://data.europa.eu/esco/occupation/87775d69-ae88-449e-ad71-6f9875711816,Chemielaborant/Chemielaborantin,"Chemielaboranten überwachen chemische Prozesse und analysieren chemische Stoffe für Produktions- oder wissenschaftliche Zwecke. Sie arbeiten in Labors oder Produktionsstätten, in denen sie Chemiker bei ihrer Arbeit unterstützen. Chemielaboranten üben Labortätigkeiten aus, testen chemische Stoffe, analysieren Daten und berichten über die Ergebnisse ihrer Arbeit.",1
Mechatroniker/in EFZ,7421,10,4,Industrie,85000,Sekundär II,http://data.europa.eu/esco/occupation/5d009d45-3bb9-4e33-8760-294f59adec8c,Elektromechaniker/Elektromechanikerin,"Elektromechaniker installieren, reparieren und warten mechanische und elektrische Komponenten von Maschinen, Werkzeugen und Geräten. Sie testen elektrische Teile, um deren Effizienz zu gewährleisten und entsprechende Verbesserungen vorzunehmen.",1
Marketing-/Kommunikationsleiter/in,1222,10,52,Verwaltung,120000,Tertiär,http://data.europa.eu/esco/occupation/0ddbf393-38f1-4c22-b14c-fe775008f321,Marketingleiter/Marketingleiterin,"Marketingleiter/Marketingleiterinnen verwalten das übergeordnete Marketing eines Unternehmens. Sie koordinieren alle Bemühungen in Bezug auf Marketing-, Verkaufsförderungs- und Werbemaßnahmen in allen Niederlassungen oder geografischen Gebieten. Sie stellen sicher, dass unterschiedliche Aktivitäten zur Bekanntmachung von Produkten für das Unternehmen rentabel sind. Sie treffen Entscheidungen und erstellen Berichte über Marketingprojekte und die damit verbundenen Kosten.",1
Ökonom/in / Volkswirt/in,2631,8,40,Finanzen,120000,Tertiär,http://data.europa.eu/esco/occupation/99492920-e5a5-4dba-9e5a-93193147198c,Volkswirtschaftler/Volkswirtschaftlerin,"Volkswirtschaftler führen Forschungsarbeiten durch und entwickeln Wirtschaftstheorien für mikroökonomische oder makroökonomische Analysen. Sie untersuchen Trends, analysieren statistische Daten und verwenden in gewissem Umfang mathematische Wirtschaftsmodelle, um Unternehmen, Regierungen und damit verbundene Einrichtungen zu beraten. Sie bieten Beratung zu Themen wie Machbarkeit von Produkten, Trendprognosen, aufstrebenden Märkten, Steuerpolitik und Verbrauchertrends.",2
Hochbauzeichner/in EFZ,3112,8,15,Bau,85000,Sekundär II,http://data.europa.eu/esco/occupation/4cf7be91-fed9-47a7-9ca9-e74c7eb6becb,3D-Druck-Techniker/3D-Druck-Technikerin,"3D-Druck-Techniker wirken unterstützend an den Entwurfs- und Programmierungsprozessen für Produkte aller Art mit, von Prothesen bis hin zu 3D-Modellen. Außerdem warten sie bisweilen 3D-Drucker, prüfen 3D-Drucke für Kunden und führen Testläufe durch. 3D-Drucker-Techniker können 3D-Drucker auch reparieren, instand halten und reinigen.",1
Telematiker/in EFZ,3522,8,5,ICT,80000,Sekundär II,http://data.europa.eu/esco/occupation/64c7d461-152c-477f-a8e2-c2c537e9d617,IT-Netzwerktechniker/IT-Netzwerktechnikerin,"IT-Netzwerktechniker sind zuständig für die Installation und Wartung von Netzwerken, Datenübertragungseinrichtungen und Netzwerkgeräten wie Druckern und Datenspeichern und betreiben Fehlersuche. Auch von den Nutzern gemeldete Probleme des Netzwerks werden analysiert und behoben.",1
Compliance Officer,2412,8,42,Finanzen,130000,Tertiär,http://data.europa.eu/esco/occupation/20b9f370-6b56-4679-8c06-c23b866a5bd0,Beauftragter für Arbeitsbeziehungen/Beauftragte für Arbeitsbeziehungen,Beauftragte für Arbeitsbeziehungen setzen die Beschäftigungspolitik in einer Organisation um und beraten die Gewerkschaften zu Strategien und Verhandlungen. Sie kümmern sich um Streitigkeiten und beraten die Geschäftsleitung in Bezug auf die Personalpolitik. Sie fördern die Kommunikation zwischen Gewerkschaft und Geschäftsleitung.,1
Drogist/in,3256,8,75,Detailhandel,62000,Sekundär II,http://data.europa.eu/esco/occupation/7b74626d-b487-48a1-9e80-47faf9928210,Pharmazeutisch-technische Assistent/Pharmazeutisch-technische Assistentin,"Pharmazeutisch-technische Assistenten kontrollieren unter der Aufsicht eines Apothekers eingehende Waren. Sie überwachen die Arzneimittelbestände und kümmern sich um die ordnungsgemäße Lagerung. Sofern dies nach nationalem Recht zulässig ist, geben sie Medikamente aus und leisten Beratung zum richtigen Gebrauch.",1
Netzwerkingenieur/in,2523,8,8,ICT,115000,Tertiär,http://data.europa.eu/esco/occupation/cf2b03cd-feb7-4f47-90f6-ff1ed6016d3d,IT-Netzwerkingenieur/IT-Netzwerkingenieurin,"IT-Netzwerkingenieure implementieren, warten und unterstützen Computernetzwerke. Außerdem modellieren, analysieren und planen sie diese Netzwerke. Bisweilen konzipieren sie auch Maßnahmen zur Netzwerk- und Computersicherheit. Unter Umständen recherchieren sie, welche Hardware und Software für ein Netzwerk geeignet ist, und geben entsprechende Empfehlungen ab.",2
Journalist/in / Redakteur/in,2641,8,50,Medien,90000,Tertiär,http://data.europa.eu/esco/occupation/b65530b8-0b50-49da-8e9e-331b161374a5,Nachrichtenredakteur/Nachrichtenredakteurin,"Nachrichtenredakteure entscheiden darüber, welche Meldungen in den Nachrichtensendungen behandelt werden. Sie teilen jedes Thema einem Journalisten zu. Nachrichtenredakteure legen auch fest, wie lange eine Nachricht in der Berichterstattung behandelt wird und wann sie in der Sendung erscheint.",1
Wirtschaftsprüfer/in,2411,8,35,Finanzen,130000,Tertiär,http://data.europa.eu/esco/occupation/1ad59946-d13e-441e-9b36-56e1df055e21,Finanzauditor/Finanzauditorin,"Finanzauditoren/Finanzauditorinnen erfassen und prüfen Finanzdaten für Kundinnen und Kunden, Organisationen oder Unternehmen. Sie stellen sicher, dass die finanziellen Aufzeichnungen korrekt geführt werden, dass die Finanzdaten frei von fehlerbedingten oder betrügerischen wesentlichen falschen Darstellungen sind, dass die Daten mathematisch korrekt sind und dass die Geschäfte wirksam und im Einklang mit den rechtlichen und aufsichtlichen Anforderungen geführt werden. Sie überprüfen Darlehensvergabe- und Kreditrichtlinien oder zahlenmäßige Posten in Datenbanken und Dokumenten und evaluieren, beraten und unterstützen bei Bedarf den Urheber des Vorgangs. Auf Grundlage ihrer Prüfung der Führung der Finanzgeschäfte (Governance) des Kunden geben sie ein Prüfungsurteil mit einem Sicherheitsgrad ab, um die Anteilinhaber, die Interessenträger und den Verwaltungsrat darüber zu informieren, ob alles in Ordnung ist.",2
UX/UI Designer/in,2166,8,38,ICT,110000,Tertiär,http://data.europa.eu/esco/occupation/11830794-108c-48fe-a282-2cd7a2945344,Designer von Glücks- und Wettspielen/Designerin von Glücks- und Wettspielen,"Designer von Glücks- und Wettspielen/Designerinnen von Glücks- und Wettspielen entwerfen innovative Glücks- und Wettspiele. Sie legen das Design, die Spielregeln oder die Struktur eines Spiels fest. Designer/Designerinnen von Glücks- und Wettspielen können das Spiel auch vorführen.",2
IT-Sicherheitsspezialist/in,2529,8,14,ICT,135000,Tertiär,http://data.europa.eu/esco/occupation/22987b58-dbfa-4ecd-ae3f-82dd209255f6,Green-IT-Berater/Green-IT-Beraterin,"Green-IT-Berater bieten Beratung über eine umweltfreundliche IT-Strategie und deren möglichst wirksame und effiziente Umsetzung, damit Organisationen im IT-Bereich ihre kurz-, mittel- und langfristigen Umweltziele erreichen können.",1
Statistiker/in / Aktuar/in,2120,6,38,Finanzen,125000,Tertiär,http://data.europa.eu/esco/occupation/ac8b3cd1-a127-4e6a-8208-5cfcf7111955,Statistiker/Statistikerin,"Statistiker/Statistikerin erheben, erfassen und analysieren vor allem quantitative Informationen aus einer Vielzahl von Bereichen. Sie analysieren statistische Studien zu Bereichen wie Gesundheit, Demografie, Finanzen, Wirtschaft und stützen sich dabei auf Muster und Analysen.",2
Umweltingenieur/in,2143,6,35,Umwelt,105000,Tertiär,http://data.europa.eu/esco/occupation/ac1fc6a9-70d2-475c-8fa0-82ef83830968,Umweltingenieur/Umweltingenieurin,"Umweltingenieure/Umweltingenieurinnen lassen Umwelt- und Nachhaltigkeitsmaßnahmen in die Planung verschiedenster Projekte einfließen. Sie sind bestrebt, natürliche Ressourcen und naturbelassene Flächen zu erhalten. Sie arbeiten mit Ingenieuren/Ingenieurinnen aus anderen Bereichen zusammen, um alle potenziellen Auswirkungen von Projekten abzuwägen, um Wege zur Erhaltung der natürlichen Ressourcen zu entwickeln, Umweltverschmutzung zu verhindern und sanitäre Maßnahmen zu ergreifen.",2
Immobilienmakler/in,3334,6,38,Immobilien,95000,Sekundär II,http://data.europa.eu/esco/occupation/8ec8df02-e9dd-43b7-b416-5846ae0414ab,Immobilienmakler/Immobilienmaklerin,"Immobilienmakler verwalten den Verkauf oder die Vermietung von Wohn- und Gewerbeimmobilien oder Grundstücken im Namen ihrer Kunden. Sie prüfen den Zustand der Immobilie und bewerten ihren Wert, um ihren Kunden den besten Preis anzubieten. Sie führen Verhandlungen, setzen einen Kauf- oder Mietvertrag auf und setzen sich mit Dritten in Verbindung, um bei den Geschäften die erklärten Ziele zu erreichen. Sie führen Recherchen durch, um die Rechtmäßigkeit eines Immobilienverkaufs im Vorfeld zu ermitteln, und stellen sicher, dass ihm keine Rechtsstreitigkeiten oder Beschränkungen entgegenstehen.",2
Elektroplaner/in EFZ,3113,6,8,Bau,85000,Sekundär II,http://data.europa.eu/esco/occupation/4cf7be91-fed9-47a7-9ca9-e74c7eb6becb,3D-Druck-Techniker/3D-Druck-Technikerin,"3D-Druck-Techniker wirken unterstützend an den Entwurfs- und Programmierungsprozessen für Produkte aller Art mit, von Prothesen bis hin zu 3D-Modellen. Außerdem warten sie bisweilen 3D-Drucker, prüfen 3D-Drucke für Kunden und führen Testläufe durch. 3D-Drucker-Techniker können 3D-Drucker auch reparieren, instand halten und reinigen.",1
PR-Spezialist/in,2432,6,62,Medien,95000,Tertiär,http://data.europa.eu/esco/occupation/e16c2422-1323-4d8a-bd0f-c7584de70be1,Spezialist für Preiskalkulation/Spezialistin für Preiskalkulation,"Spezialisten für Preiskalkulation analysieren die Herstellungskosten, die Markttrends und die Wettbewerber, um unter Berücksichtigung von Marken- und Marketingkonzepten den richtigen Preis zu ermitteln.",1
Feuerwehrmann/-frau,5411,5,8,Öff. Verwaltung,88000,Sekundär II,http://data.europa.eu/esco/occupation/88721b6c-d2ce-41c6-8878-73c0d3aacf39,Berufsfeuerwehrmann/Berufsfeuerwehrfrau,"Berufsfeuerwehrleute sind für Notfalleinsätze im Falle eines Brandausbruchs oder anderer gefährlicher Situationen verantwortlich. Sie überwachen die Evakuierung der gefährdeten Gebäude und sorgen dafür, dass die Betroffenen gerettet und von den zuständigen Fachkräften betreut werden. Im Anschluss an die Personenrettung stellen sie sicher, dass das Feuer entsprechend den Gesundheits- und Sicherheitsvorschriften gelöscht wird. Sie regeln auch die Beseitigung des Brandschutts und die Schadensbewertung.",2
Notar/in,2619,4,30,Recht,145000,Tertiär,http://data.europa.eu/esco/occupation/d21890a3-cbe9-49df-9a19-a4120d866548,Notar/Notarin,"Notare gewährleisten die Echtheit und Rechtmäßigkeit amtlicher Dokumente wie Erklärungen, Bescheinigungen, Verträge, Urkunden und Kaufbelege. Sie prüfen die Dokumente und beglaubigen die Echtheit der Unterschrift. Sie nehmen Vereidigungen vor und stellen Erklärungen und sonstige notarielle Beurkundungen aus.",2
